month,channel,item_id,item_name,item_add,core_cost,item_cost,item_price
2024-06-01,800001,1-12044,羽蛇领主龙,10,15813.199999999999,9,160000.0
2024-06-01,800001,1-2568,初级笔记自选包2,3688,86586.86,4192,1200.0
2024-06-01,800001,1-11064,岚之种,3600,4715.94,3040,200.0
2024-06-01,800001,1-1303,6小时历练值,285494,200804.34,252080,120.0
2024-06-01,800001,1-2574,六元素领主龙自选包,1,536.44,1,320000.0
2024-06-01,800001,1-12021,地龙,1371,50045.57000000001,1216,10000.0
2024-06-01,800001,1-1619,情人节游戏币,15,259.21999999999997,,800.0
2024-06-01,800001,1-1147,限定招募券,190,538.21,190,300.0
2024-06-01,800001,1-11063,炎之种,6000,9026.799999999997,4080,200.0
2024-06-01,800001,1-2527,四元素羽毛自选包,114000,38919.36,92263,40.0
2024-06-01,800001,1-1302,2小时历练值,54985,17931.72,90892,40.0
2024-06-01,800001,1-2518,光系自选红装备（智力）,36,9098.500000000002,37,25000.0
2024-06-01,800001,1-2102,红色衣服自选包,73,9755.0,56,25000.0
2024-06-01,800001,1-430904,无垢的花嫁,1,166.87,2,12800.0
2024-06-01,800001,1-12032,冰霜龙,189,177649.22,195,80000.0
2024-06-01,800001,1-431204,小鹿乱撞的约会,188,27747.329999999998,181,12800.0
2024-06-01,800001,1-11062,海之种,7120,14552.87,8240,200.0
2024-06-01,800001,1-421104,全力应援的啦啦队少女,2,286.33,3,12800.0
2024-06-01,800001,1-1590,跳一跳入场券,1,0.0,,800.0
2024-06-01,800001,1-9138,守护活力包||,592,2389.9100000000003,592,350.0
2024-06-01,800001,1-1118,星芒结晶,5273,99425.33000000002,4108,2000.0
2024-06-01,800001,1-2559,自选红装备（敏捷）,1,39.68,1,25000.0
2024-06-01,800001,1-9123,航海补给包II,29,655.18,29,1460.0
2024-06-01,800001,1-1113,招募券,665290,1615141.65,593585,270.0
2024-06-01,800001,1-1130,光元素宝石,50245,22274.249999999996,42435,100.0
2024-06-01,800001,1-1114,元素招募券,23540,112094.5,15759,540.0
2024-06-01,800001,1-2555,水系自选红装备（智力）,2,1838.17,2,25000.0
2024-06-01,800001,1-1519,海洋之羽,464824,162616.72999999998,447500,40.0
2024-06-01,800001,1-9163,王者争夺战礼包II,26,298.65,26,1000.0
2024-06-01,800001,1-2532,四元素巨龙自选包,336,485333.81000000006,317,80000.0
2024-06-01,800001,1-1117,扭蛋币,384628,711420.0599999999,321802,300.0
2024-06-01,800001,1-1301,1小时历练值,26896,7214.660000000001,25239,20.0
2024-06-01,800001,1-1403,6小时潜力水晶,513150,558581.7400000001,464806,180.0
2024-06-01,800001,1-1116,高级精钢,817953,916479.85,745328,150.0
2024-06-01,800001,1-1549,悬赏单,13,442.29,,1145.833333
2024-06-01,800001,1-4105,夏日的亲密距离,1,206.24,2,12800.0
2024-06-01,800001,1-12014,双足飞龙-风,676,8634.94,533,2000.0
2024-06-01,800001,1-1598,放大镜,1,0.0,,200.0
2024-06-01,800001,1-1574,龙血精华,398,2564.2600000000007,397,450.0
2024-06-01,800001,1-9125,航海补给包IV,8,928.98,8,3280.0
2024-06-01,800001,1-2573,四元素领主龙自选包,10,39583.9,17,160000.0
2024-06-01,800001,1-11061,岩之种,10520,10821.580000000002,7560,200.0
2024-06-01,800001,1-1122,猎龙精魄,10348591,157521.39999999997,9750264,2.4
2024-06-01,800001,1-2569,高级笔记自选包2,4613,122538.32000000004,4879,1200.0
2024-06-01,800001,1-1123,猎龙精魂,10934219,196690.7200000001,10414652,2.8
2024-06-01,800001,1-2520,暗系自选红装备（敏捷）,16,3097.03,15,25000.0
2024-06-01,800001,1-9165,王者争夺战礼包IV,63,4095.59,63,4500.0
2024-06-01,800001,1-8006,随机巨龙宝箱II,9,410.90000000000003,6,80000.0
2024-06-01,800001,1-11081,金色朝露,74153750,2016095.5699999996,63811830,5.0
2024-06-01,800001,1-1610,魔力碎片,5725540,410069.91,5365000,10.0
2024-06-01,800001,1-1608,万圣节南瓜,3,82.97,4,800.0
2024-06-01,800001,1-1136,精星沙,72919,130659.09,56877,150.0
2024-06-01,800001,1-1621,白色情人节游戏券,15,10.16,17,100.0
2024-06-01,800001,1-1558,圣石,9031,21216.720000000016,8458,300.0
2024-06-01,800001,1-2560,自选红装备（智力）,2,1838.17,2,25000.0
2024-06-01,800001,1-1561,闪亮之星祈愿券,222919,582119.0000000002,223955,300.0
2024-06-01,800001,1-1559,龙的心脏,13927,105244.29999999999,8540,1000.0
2024-06-01,800001,1-8005,随机巨龙宝箱I,1056,61802.39,1005,10000.0
2024-06-01,800001,1-1552,银钥匙,4919,38268.09000000001,4869,800.0
2024-06-01,800001,1-12033,红炎龙,157,107589.56999999998,151,80000.0
2024-06-01,800001,1-2534,招募道具自选包2,14039,26283.719999999994,8784,500.0
2024-06-01,800001,1-9122,航海补给包I,423,1815.8200000000004,423,500.0
2024-06-01,800001,1-1629,2024泳装祭小游戏券,27853,17471.27000000001,25442,100.0
2024-06-01,800001,1-2501,元素宝石自选包,1354987,1742421.04,1228991,100.0
2024-06-01,800001,1-12036,暗裔龙,34,47776.12,34,160000.0
2024-06-01,800001,1-440904,片刻小憩,1,1133.16,2,12800.0
2024-06-01,800001,1-1600,无念之书,548691,174589.92,194864,50.0
2024-06-01,800001,1-12035,光耀龙,23,23040.33,23,160000.0
2024-06-01,800001,1-1570,天空之羽,31388,4328.050000000003,29759,30.0
2024-06-01,800001,1-1138,私人信件,28080994,1993318.3100000008,20820076,10.0
2024-06-01,800001,1-2530,资源自选包6,104713,403202.32,73707,500.0
2024-06-01,800001,1-1551,金钥匙,532,13275.600000000002,512,3000.0
2024-06-01,800001,1-9131,连连看补给包II,106,3930.54,106,1460.0
2024-06-01,800001,1-9118,射箭补给包I,478,2431.67,478,500.0
2024-06-01,800001,1-2542,初级手册自选包,104,11287.129999999997,81,10000.0
2024-06-01,800001,1-12043,火蜥领主龙,11,12501.13,11,160000.0
2024-06-01,800001,1-1592,气球,2,23.51,13,800.0
2024-06-01,800001,1-2517,光系自选红装备（敏捷）,11,1431.27,12,25000.0
2024-06-01,800001,1-9162,王者争夺战礼包I,1040,1548.2899999999986,1040,300.0
2024-06-01,800001,1-2538,光暗羽毛自选包2,15100,52173.73999999999,10029,200.0
2024-06-01,800001,1-1553,洛阳铲,229720,326721.41000000003,204705,180.0
2024-06-01,800001,1-1139,占卜卡,46573,153649.53999999998,40754,500.0
2024-06-01,800001,1-1119,概率UP招募券,22781,56423.61,17605,300.0
2024-06-01,800001,1-2103,红色饰品自选包,103,11911.929999999998,69,25000.0
2024-06-01,800001,1-1572,大地之核,29665,3726.4700000000016,28660,30.0
2024-06-01,800001,1-2002,光暗SSR猎人自选包,32,23250.28,26,20000.0
2024-06-01,800001,1-2535,装备材料自选包,32954,87316.98000000001,21314,500.0
2024-06-01,800001,1-4000,誓约之戒,1,844.2,1,12800.0
2024-06-01,800001,1-1524,晶矿入场券,10,4.12,24,100.0
2024-06-01,800001,1-1124,普通强化石,2406551,565012.4900000002,1830480,20.0
2024-06-01,800001,1-1544,英雄之证,241588,733577.37,182215,500.0
2024-06-01,800001,1-9137,守护活力包|,3873,0.0,3873,0.0
2024-06-01,800001,1-1132,初级挑战券,48325,33271.540000000015,9084,100.0
2024-06-01,800001,1-1115,普通精钢,23850491,461417.76000000007,17836613,3.0
2024-06-01,800001,1-12025,光龙,6,491.38,6,10000.0
2024-06-01,800001,1-1401,1小时潜力水晶,11715,2897.81,11458,30.0
2024-06-01,800001,1-9121,射箭补给包IV,14,1339.6200000000001,14,3280.0
2024-06-01,800001,1-8001,四元素羽毛宝箱,1617810,424491.16,1508825,40.0
2024-06-01,800001,1-2536,资源自选包7,57886,432057.2499999998,55245,500.0
2024-06-01,800001,1-1201,1小时塔拉币,986513,36972.12999999985,894646,5.0
2024-06-01,800001,1-2566,月光自选包2,3710,16046.8,3552,500.0
2024-06-01,800001,1-2545,相遇养成自选包,2605,11645.820000000003,2385,450.0
2024-06-01,800001,1-1536,光暗天命祈愿券,5289,57407.759999999995,9113,500.0
2024-06-01,800001,1-1548,英雄挑战券,1826,26644.23,1286,520.8333333
2024-06-01,800001,1-1601,忘我之书,202854,134215.21000000005,74195,100.0
2024-06-01,800001,1-12026,暗龙,4,155.93,4,10000.0
2024-06-01,800001,1-1547,普通挑战券,16317,15035.119999999995,5308,104.1666667
2024-06-01,800001,1-1509,天命祈愿券,363510,2011106.6000000006,348414,300.0
2024-06-01,800001,1-1545,绯红精铁,8024854,2248421.1699999995,4962150,50.0
2024-06-01,800001,1-9164,王者争夺战礼包III,8,236.19,8,1800.0
2024-06-01,800001,1-1523,黑暗之羽,6521,6905.62,5400,80.0
2024-06-01,800001,1-2201,红色徽章自选包,57,21460.999999999996,30,25000.0
2024-06-01,800001,1-2304,自选装备（紫+）,24,677.44,12,750.0
2024-06-01,800001,1-1533,娃娃机游戏币,59594,87806.06999999999,59580,140.201
2024-06-01,800001,1-2101,红色武器自选包,174,24456.33,130,25000.0
2024-06-01,800001,1-1560,心愿祈愿券,308180,857382.9499999993,302853,300.0
2024-06-01,800001,1-9132,连连看补给包III,87,3831.8100000000004,87,1780.0
2024-06-01,800001,1-2561,四元素自选红装备,2,1838.17,4,25000.0
2024-06-01,800001,1-2552,火系自选红装备（敏捷）,1,39.68,,25000.0
2024-06-01,800001,1-441004,半兵卫的贺词,2,1143.07,3,12800.0
2024-06-01,800001,1-1625,3.5周年对决券,7,0.44,49,100.0
2024-06-01,800001,1-1618,温泉游戏币,4,1.81,,100.0
2024-06-01,800001,1-1404,24小时潜力水晶,32778,210398.81,27111,720.0
2024-06-01,800001,1-1628,2024游园会小游戏券,28803,27256.16000000001,26204,100.0
2024-06-01,800001,1-2577,六元素羽毛自选包,1400,319.7,1900,80.0
2024-06-01,800001,1-1521,飓风之羽,392306,119090.85000000002,219460,40.0
2024-06-01,800001,1-1535,万能骰子,9149,6270.48,9152,115.19
2024-06-01,800001,1-1576,不灭魂器,166,2863.6800000000003,167,1500.0
2024-06-01,800001,1-530505,突如其来的学妹,1,463.58,2,12800.0
2024-06-01,800001,1-2504,资源自选包2,17346,39658.939999999995,12082,500.0
2024-06-01,800001,1-1620,情人节鲜花,450,456.83,100,100.0
2024-06-01,800001,1-1556,美味便当,6943,42294.200000000026,4627,560.0
2024-06-01,800001,1-1516,天命宝珠,274687275,1938922.2999999996,262092160,1.0
2024-06-01,800001,1-1402,2小时潜力水晶,166390,71905.70000000001,190036,60.0
2024-06-01,800001,1-1121,中级才能符文,1331974,700510.4199999997,824267,40.0
2024-06-01,800001,1-2510,专属装备养成自选包,1078,3237.440000000001,916,500.0
2024-06-01,800001,1-1137,初级才能符文,1564844,371589.39999999985,561893,20.0
2024-06-01,800001,1-1599,静心之书,1148762,142288.30000000005,505583,20.0
2024-06-01,800001,1-11071,育成心得,392580714,2171465.1799999997,304949110,1.0
2024-06-01,800001,1-1135,星沙,8750265,182100.64000000007,3902758,3.0
2024-06-01,800001,1-1134,龙之雫,20741,41734.740000000005,22902,300.0
2024-06-01,800001,1-1573,元素魔方,24,120.02,6,450.0
2024-06-01,800001,1-2547,水系自选红装备（力量）,1,56.85,,25000.0
2024-06-01,800001,1-11066,冥之种,1160,2829.7300000000005,1040,400.0
2024-06-01,800001,1-1512,锦标赛挑战券,3615,1448.8300000000004,3152,86.0
2024-06-01,800001,1-1543,天命乐章,730643583,2461092.1299999994,569937100,0.5
2024-06-01,800001,1-9127,娃娃机补给包II,28,1077.84,28,1460.0
2024-06-01,800001,1-1203,6小时塔拉币,102509,23358.070000000007,96582,30.0
2024-06-01,800001,1-1616,2023圣诞节游戏币,6,6.34,14,800.0
2024-06-01,800001,1-9140,守护活力包|V,203,6342.24,203,2000.0
2024-06-01,800001,1-1111,潜力水晶,2918260530,13069444.52,2613848685,0.8
2024-06-01,800001,1-2567,相遇招募自选包2,2995,33127.08,2458,1000.0
2024-06-01,800001,1-12031,地岩龙,307,122752.47,280,80000.0
2024-06-01,800001,1-11065,圣之种,800,2198.55,720,400.0
2024-06-01,800001,1-1584,王者之锤,81230,64116.41,68177,150.0
2024-06-01,800001,1-1204,24小时塔拉币,367837,423617.2900000001,292282,120.0
2024-06-01,800001,1-1133,高级挑战券,3657,3458.919999999999,1373,100.0
2024-06-01,800001,1-9129,娃娃机补给包IV,13,1692.14,13,3280.0
2024-06-01,800001,1-1609,魔力晶石,71347210,500044.61,58613400,1.0
2024-06-01,800001,1-2301,红装备自选,4224,3782402.6400000006,2582,25000.0
2024-06-01,800001,1-1604,3周年游戏币,2,84.63,,800.0
2024-06-01,800001,1-9169,王者决胜战礼包IV,195,32504.369999999995,195,5000.0
2024-06-01,800001,1-1603,极意竞技入场卷,41128,26832.480000000007,7817,100.0
2024-06-01,800001,1-2533,六元素巨龙自选包,71,168138.02000000002,73,160000.0
2024-06-01,800001,1-2519,暗系自选红装备（力量）,65,74015.75999999998,63,25000.0
2024-06-01,800001,1-12022,水龙,1645,85446.80999999997,1596,10000.0
2024-06-01,800001,1-11051,龙颈之玉,295839,194716.21000000008,235067,100.0
2024-06-01,800001,1-1148,星霜结晶,477233600,0.0,186619960,0.0
2024-06-01,800001,1-1622,樱花祭小游戏入场券,25,39.160000000000004,5,100.0
2024-06-01,800001,1-1528,战宠卡池券,76617,194917.72999999995,73890,300.0
2024-06-01,800001,1-1202,2小时塔拉币,852930,59942.809999999925,927124,10.0
2024-06-01,800001,1-1501,光暗特邀券,39492,316575.03,51955,500.0
2024-06-01,800001,1-2302,自选装备（橙+）,22,1077.77,16,1950.0
2024-06-01,800001,1-1127,水元素宝石,723572,1881803.8399999999,737610,100.0
2024-06-01,800001,1-2503,资源自选包1,21111,52084.35,14202,500.0
2024-06-01,800001,1-12041,古岩领主龙,2,4596.21,1,160000.0
2024-06-01,800001,1-1538,练习用箭矢,159755,119974.65000000001,135321,70.0
2024-06-01,800001,1-1131,暗元素宝石,88621,165687.23,86625,100.0
2024-06-01,800001,1-1504,圣能结晶,2770584614,20392257.22,2041692320,1.0
2024-06-01,800001,1-9130,连连看补给包I,484,2069.2099999999996,484,500.0
2024-06-01,800001,1-2505,资源自选包3,207418,428921.33000000025,114919,500.0
2024-06-01,800001,1-9126,娃娃机补给包I,405,1957.75,405,500.0
2024-06-01,800001,1-2525,资源自选包5,175950,573557.55,128048,500.0
2024-06-01,800001,1-1510,使魔零食,636754132,1186848.94,369099118,0.3
2024-06-01,800001,1-1126,地元素宝石,66624,55621.05999999998,57780,100.0
2024-06-01,800001,1-9124,航海补给包III,20,631.72,20,1780.0
2024-06-01,800001,1-12012,双足飞龙-水,701,7910.05,762,2000.0
2024-06-01,800001,1-2507,资源自选包,18785,59772.25,14543,550.0
2024-06-01,800001,1-2563,巨龙养成自选包,13150,35810.979999999996,13384,500.0
2024-06-01,800001,1-540605,沙滩上的对弈,164,21170.63,140,12800.0
2024-06-01,800001,1-12034,凤羽龙,102,65698.09,96,80000.0
2024-06-01,800001,1-1511,龙眼石,94249173,598297.67,80481082,1.0
2024-06-01,800001,1-2526,红色装备自选包（光暗）,407,518280.00000000006,196,25000.0
2024-06-01,800001,1-9168,王者决胜战礼包III,167,8248.72,167,3000.0
2024-06-01,800001,1-1128,火元素宝石,224796,251230.83,225600,100.0
2024-06-01,800001,1-9166,王者决胜战礼包I,145,2400.7000000000003,145,1500.0
2024-06-01,800001,1-2516,光系自选红装备（力量）,54,5620.590000000001,57,25000.0
2024-06-01,800001,1-1526,契约卡片,75066,171884.63999999998,65320,250.0
2024-06-01,800001,1-9139,守护活力包|||,316,4002.7799999999993,316,1000.0
2024-06-01,800001,1-2565,星辉自选包2,3016,8563.39,3219,240.0
2024-06-01,800001,1-1525,招募应援券,52083,515397.9600000001,3673,1500.0
2024-06-01,800001,1-1571,海洋之泪,31889,4318.4100000000035,25498,30.0
2024-06-01,800001,1-1597,使魔契约雕像抽奖券,1674,1924.9999999999995,1392,300.0
2024-06-01,800001,1-1129,风元素宝石,107379,96988.65,99880,100.0
2024-06-01,800001,1-9128,娃娃机补给包III,33,1822.81,33,1780.0
2024-06-01,800001,1-1503,调和音律,22683630,328398.4499999998,19093930,1.0
2024-06-01,800001,1-9120,射箭补给包III,55,2090.64,55,1780.0
2024-06-01,800001,1-1527,光暗招募应援券,41078,679141.53,14288,2500.0
2024-06-01,800001,1-1125,高级强化石,1331681,882327.3400000001,1208229,60.0
2024-06-01,800001,1-2570,调和圣殿养成自选包,21970,117926.59999999992,15444,500.0
2024-06-01,800001,1-1575,还魂人偶,1514,3570.0800000000017,442,300.0
2024-06-01,800001,1-1515,天命圣水,1407767860,3315181.970000001,1317588030,0.3
2024-06-01,800001,1-12023,火龙,963,40244.82999999999,871,10000.0
2024-06-01,800001,1-12011,双足飞龙-地,239,2814.51,273,2000.0
2024-06-01,800001,1-9159,自选礼包,442,3647.02,453,1020.0
2024-06-01,800001,1-1518,大地之羽,431802,138433.05,239530,40.0
2024-06-01,800001,1-1613,跳跳大闯关入场券,2,0.0,1,800.0
2024-06-01,800001,1-12024,风龙,1456,62124.57,1284,10000.0
2024-06-01,800001,1-1539,红绳,343183,91026.96999999997,349860,39.25376489
2024-06-01,800001,1-9133,连连看补给包IV,24,2727.3900000000003,24,3280.0
2024-06-01,800001,1-12013,双足飞龙-火,721,8132.94,557,2000.0
2024-06-01,800001,1-12045,白银领主龙,1,536.44,1,320000.0
2024-06-01,800001,1-1577,夺命飞弹,390,29308.979999999996,390,3000.0
2024-06-01,800001,1-2506,资源自选包4,4396,13614.300000000001,2990,500.0
2024-06-01,800001,1-2521,暗系自选红装备（智力）,14,4194.62,13,25000.0
2024-06-01,800001,1-1120,高级才能符文,1256932,506298.38999999984,885360,40.0
2024-06-01,800001,1-1304,24小时历练值,2372,10726.980000000003,2675,480.0
2024-06-01,800001,1-1534,骰子,81071,71403.59999999999,81156,115.19
2024-06-01,800001,1-1624,3.5周年小游戏入场券,171,2586.7,27,800.0
2024-06-01,800001,1-9167,王者决胜战礼包II,15,594.85,15,2500.0
2024-06-01,800001,1-2576,振金装备自选包,1194,87891.92000000001,892,7500.0
2024-06-01,800001,1-12042,冰海领主龙,7,6107.92,8,160000.0
2024-06-01,800001,1-530305,兔女郎的圣诞礼物,2,990.0,4,12800.0
2024-06-01,800001,1-1557,圣露,9403,16265.290000000005,9039,300.0
2024-06-01,800001,1-1520,火焰之羽,445356,142784.74999999997,294200,40.0
2024-06-01,800001,1-2104,红色鞋子自选包,181,20735.05,111,25000.0
2024-06-01,800001,1-2502,猎人养成自选包,14261,18391.47,8610,200.0
2024-06-01,800001,1-2591,苍流碎片自选包A,49210,105075.95,40090,200.0
2024-06-01,800001,1-9119,射箭补给包II,69,2139.3700000000003,69,1460.0
2024-06-01,800001,1-2558,自选红装备（力量）,1,56.85,1,25000.0
2024-06-01,800001,1-2001,四种族SSR猎人自选包,49,10262.680000000002,35,10000.0
2024-06-01,800001,1-1522,光明之羽,21917,5573.550000000001,11395,80.0
2024-06-01,800002,1-9173,自选礼包,3,2029.2600000000002,3,71480.0
2024-06-01,800002,1-2507,资源自选包,27294,99501.79,23745,550.0
2024-06-01,800002,1-11071,育成心得,611313218,3419415.9100000006,463094460,1.0
2024-06-01,800002,1-1113,招募券,1119451,2600714.01,1000191,270.0
2024-06-01,800002,1-1516,天命宝珠,450607057,3314528.3299999996,411932240,1.0
2024-06-01,800002,1-1592,气球,8,51.03,10,800.0
2024-06-01,800002,1-1511,龙眼石,154564949,922658.9800000003,134850438,1.0
2024-06-01,800002,1-1608,万圣节南瓜,18,237.25,2,800.0
2024-06-01,800002,1-1133,高级挑战券,6792,5685.619999999999,2740,100.0
2024-06-01,800002,1-1528,战宠卡池券,120385,303131.26,114547,300.0
2024-06-01,800002,1-2506,资源自选包4,7567,23387.690000000006,5437,500.0
2024-06-01,800002,1-2563,巨龙养成自选包,17505,58720.20999999999,18664,500.0
2024-06-01,800002,1-2001,四种族SSR猎人自选包,55,14087.750000000002,50,10000.0
2024-06-01,800002,1-1538,练习用箭矢,263864,187091.65999999992,220854,70.0
2024-06-01,800002,1-2565,星辉自选包2,3998,13357.399999999998,4781,240.0
2024-06-01,800002,1-12046,九头领主龙,4,4881.2300000000005,4,320000.0
2024-06-01,800002,1-1148,星霜结晶,670730334,0.0,248085170,0.0
2024-06-01,800002,1-1603,极意竞技入场卷,66204,41165.99000000002,15863,100.0
2024-06-01,800002,1-12021,地龙,2089,85802.69000000003,1890,10000.0
2024-06-01,800002,1-430904,无垢的花嫁,1,683.28,1,12800.0
2024-06-01,800002,1-11063,炎之种,9600,17437.290000000005,9200,200.0
2024-06-01,800002,1-9121,射箭补给包IV,13,2205.26,13,3280.0
2024-06-01,800002,1-1512,锦标赛挑战券,5962,2651.1699999999996,5480,86.0
2024-06-01,800002,1-1509,天命祈愿券,606993,3377688.04,576208,300.0
2024-06-01,800002,1-8006,随机巨龙宝箱II,13,2703.4399999999996,12,80000.0
2024-06-01,800002,1-1597,使魔契约雕像抽奖券,2728,3625.6799999999976,2234,300.0
2024-06-01,800002,1-1557,圣露,16461,27557.410000000025,15063,300.0
2024-06-01,800002,1-1609,魔力晶石,105957380,775736.5399999995,86156400,1.0
2024-06-01,800002,1-9126,娃娃机补给包I,405,2179.5800000000004,405,500.0
2024-06-01,800002,1-1585,春日券,2,8.19,,200.0
2024-06-01,800002,1-1594,2023防晒乳,600,12.46,300,8.0
2024-06-01,800002,1-1204,24小时塔拉币,566427,681726.0099999998,477375,120.0
2024-06-01,800002,1-16001,来自叶卡捷琳娜的信件,1,0.0,,6400.0
2024-06-01,800002,1-2535,装备材料自选包,46244,122395.20000000003,31177,500.0
2024-06-01,800002,1-2572,招募自选箱,10,0.0,12394,300.0
2024-06-01,800002,1-2525,资源自选包5,283433,865049.76,214598,500.0
2024-06-01,800002,1-1610,魔力碎片,8450804,642052.6100000002,7818000,10.0
2024-06-01,800002,1-1129,风元素宝石,172106,104843.34999999999,162445,100.0
2024-06-01,800002,1-1545,绯红精铁,12045675,3406089.6800000006,7374300,50.0
2024-06-01,800002,1-9119,射箭补给包II,72,2333.5199999999995,72,1460.0
2024-06-01,800002,1-1522,光明之羽,44121,31969.910000000003,20010,80.0
2024-06-01,800002,1-1136,精星沙,114702,212268.74,88374,150.0
2024-06-01,800002,1-1520,火焰之羽,692611,197627.21999999997,508225,40.0
2024-06-01,800002,1-2573,四元素领主龙自选包,24,48817.35999999999,28,160000.0
2024-06-01,800002,1-9127,娃娃机补给包II,68,2317.23,68,1460.0
2024-06-01,800002,1-1131,暗元素宝石,142158,393850.98,137380,100.0
2024-06-01,800002,1-12012,双足飞龙-水,1002,11471.79,1192,2000.0
2024-06-01,800002,1-1598,放大镜,4,12.58,,200.0
2024-06-01,800002,1-1147,限定招募券,20,291.57,20,300.0
2024-06-01,800002,1-9165,王者争夺战礼包IV,111,7346.740000000001,111,4500.0
2024-06-01,800002,1-1533,娃娃机游戏币,97680,139108.42000000016,97763,140.201
2024-06-01,800002,1-1138,私人信件,47631120,3254760.13,37797510,10.0
2024-06-01,800002,1-1404,24小时潜力水晶,54261,320697.0999999999,43670,720.0
2024-06-01,800002,1-9170,自选礼包,13,359.13,13,3300.0
2024-06-01,800002,1-9133,连连看补给包IV,21,2699.8399999999997,21,3280.0
2024-06-01,800002,1-2568,初级笔记自选包2,5428,146932.39,6502,1200.0
2024-06-01,800002,1-9131,连连看补给包II,102,2662.67,102,1460.0
2024-06-01,800002,1-1139,占卜卡,77742,229499.78,73934,500.0
2024-06-01,800002,1-9139,守护活力包|||,571,7599.569999999998,571,1000.0
2024-06-01,800002,1-11061,岩之种,16600,18501.46,14440,200.0
2024-06-01,800002,1-1619,情人节游戏币,33,625.02,,800.0
2024-06-01,800002,1-12011,双足飞龙-地,333,4348.13,466,2000.0
2024-06-01,800002,1-1135,星沙,13794052,277796.18,6545720,3.0
2024-06-01,800002,1-1616,2023圣诞节游戏币,41,686.62,29,800.0
2024-06-01,800002,1-1590,跳一跳入场券,4,15.69,,800.0
2024-06-01,800002,1-12032,冰霜龙,321,230391.93000000002,343,80000.0
2024-06-01,800002,1-1621,白色情人节游戏券,42,91.6,20,100.0
2024-06-01,800002,1-530505,突如其来的学妹,2,1281.1100000000001,1,12800.0
2024-06-01,800002,1-12044,羽蛇领主龙,13,21486.419999999995,14,160000.0
2024-06-01,800002,1-12042,冰海领主龙,12,30961.11,18,160000.0
2024-06-01,800002,1-1536,光暗天命祈愿券,11212,126229.92000000003,16384,500.0
2024-06-01,800002,1-1604,3周年游戏币,10,58.730000000000004,16,800.0
2024-06-01,800002,1-1571,海洋之泪,43460,7811.1500000000015,36351,30.0
2024-06-01,800002,1-2542,初级手册自选包,166,20140.44,111,10000.0
2024-06-01,800002,1-1628,2024游园会小游戏券,46705,41558.65000000002,41930,100.0
2024-06-01,800002,1-1539,红绳,569658,139414.75999999995,589057,39.25376489
2024-06-01,800002,1-1601,忘我之书,277840,198620.61000000004,123662,100.0
2024-06-01,800002,1-12031,地岩龙,474,173513.91999999998,428,80000.0
2024-06-01,800002,1-12045,白银领主龙,5,14275.469999999998,5,320000.0
2024-06-01,800002,1-1534,骰子,134967,122400.18999999996,135012,115.19
2024-06-01,800002,1-1518,大地之羽,668079,193387.55000000005,394855,40.0
2024-06-01,800002,1-1561,闪亮之星祈愿券,366462,878149.0699999997,368140,300.0
2024-06-01,800002,1-12036,暗裔龙,62,60302.58,61,160000.0
2024-06-01,800002,1-12041,古岩领主龙,13,24475.010000000002,10,160000.0
2024-06-01,800002,1-1559,龙的心脏,22819,195046.78,12075,1000.0
2024-06-01,800002,1-2101,红色武器自选包,259,33806.3,177,25000.0
2024-06-01,800002,1-1115,普通精钢,37335553,707764.1000000002,26645755,3.0
2024-06-01,800002,1-2560,自选红装备（智力）,2,1139.31,3,25000.0
2024-06-01,800002,1-1523,黑暗之羽,9172,19171.230000000003,9970,80.0
2024-06-01,800002,1-1625,3.5周年对决券,6,10.29,66,100.0
2024-06-01,800002,1-1527,光暗招募应援券,65997,1031307.0400000002,20642,2500.0
2024-06-01,800002,1-1504,圣能结晶,4400878717,32681215.40000001,3355201710,1.0
2024-06-01,800002,1-12026,暗龙,9,334.46999999999997,10,10000.0
2024-06-01,800002,1-1549,悬赏单,13,438.27000000000004,4,1145.833333
2024-06-01,800002,1-8001,四元素羽毛宝箱,2426635,623433.5099999998,2257942,40.0
2024-06-01,800002,1-1600,无念之书,823681,259951.12000000002,290137,50.0
2024-06-01,800002,1-9130,连连看补给包I,522,2125.7500000000005,522,500.0
2024-06-01,800002,1-1552,银钥匙,7064,53952.83,6888,800.0
2024-06-01,800002,1-1402,2小时潜力水晶,283010,120038.81000000001,302355,60.0
2024-06-01,800002,1-11051,龙颈之玉,414170,267704.0999999999,329953,100.0
2024-06-01,800002,1-1548,英雄挑战券,2805,37793.0,2099,520.8333333
2024-06-01,800002,1-11081,金色朝露,114899964,3179649.990000001,96851530,5.0
2024-06-01,800002,1-1134,龙之雫,34859,66836.7,39272,300.0
2024-06-01,800002,1-9120,射箭补给包III,86,4415.17,86,1780.0
2024-06-01,800002,1-421104,全力应援的啦啦队少女,2,146.98,2,12800.0
2024-06-01,800002,1-2502,猎人养成自选包,23572,31327.39000000001,15659,200.0
2024-06-01,800002,1-12024,风龙,2118,93303.75,1845,10000.0
2024-06-01,800002,1-1558,圣石,16499,41560.21999999999,15286,300.0
2024-06-01,800002,1-4201,海边的准备运动！,1,316.38,1,12800.0
2024-06-01,800002,1-1607,万圣节糖果,60,10.25,80,8.0
2024-06-01,800002,1-9168,王者决胜战礼包III,317,13025.139999999996,317,3000.0
2024-06-01,800002,1-2504,资源自选包2,29382,70221.68,19683,500.0
2024-06-01,800002,1-9167,王者决胜战礼包II,20,1424.1599999999999,20,2500.0
2024-06-01,800002,1-2102,红色衣服自选包,105,13590.279999999999,84,25000.0
2024-06-01,800002,1-1573,元素魔方,192,1810.82,1,450.0
2024-06-01,800002,1-1547,普通挑战券,26837,24048.650000000005,8926,104.1666667
2024-06-01,800002,1-1111,潜力水晶,4535622191,20336945.889999993,4266755545,0.8
2024-06-01,800002,1-9159,自选礼包,878,7761.050000000001,862,1020.0
2024-06-01,800002,1-1137,初级才能符文,2612284,635669.4200000002,827856,20.0
2024-06-01,800002,1-1524,晶矿入场券,42,42.89,79,100.0
2024-06-01,800002,1-1519,海洋之羽,737363,234031.57000000004,755030,40.0
2024-06-01,800002,1-9171,自选礼包,46,4610.64,50,7680.0
2024-06-01,800002,1-1124,普通强化石,3910844,920457.5099999997,2865065,20.0
2024-06-01,800002,1-9122,航海补给包I,443,1826.9799999999998,443,500.0
2024-06-01,800002,1-2574,六元素领主龙自选包,7,33439.72,10,320000.0
2024-06-01,800002,1-2527,四元素羽毛自选包,191000,52640.12000000002,137459,40.0
2024-06-01,800002,1-1544,英雄之证,353528,1078108.29,270426,500.0
2024-06-01,800002,1-9137,守护活力包|,6337,0.0,6337,0.0
2024-06-01,800002,1-9129,娃娃机补给包IV,8,1158.3100000000002,8,3280.0
2024-06-01,800002,1-1302,2小时历练值,90005,26808.019999999997,143955,40.0
2024-06-01,800002,1-1114,元素招募券,35802,158818.66000000003,22986,540.0
2024-06-01,800002,1-2302,自选装备（橙+）,40,2297.37,34,1950.0
2024-06-01,800002,1-9128,娃娃机补给包III,69,2376.04,69,1780.0
2024-06-01,800002,1-1543,天命乐章,1164493868,3993284.4199999995,875517400,0.5
2024-06-01,800002,1-1121,中级才能符文,2158132,1061767.8400000005,1240849,40.0
2024-06-01,800002,1-1584,王者之锤,112910,96896.18999999994,97024,150.0
2024-06-01,800002,1-1551,金钥匙,805,17321.829999999994,816,3000.0
2024-06-01,800002,1-2570,调和圣殿养成自选包,36120,163208.94000000003,24785,500.0
2024-06-01,800002,1-1501,光暗特邀券,59656,459915.68999999994,73205,500.0
2024-06-01,800002,1-2530,资源自选包6,157686,607165.9400000002,111589,500.0
2024-06-01,800002,1-12035,光耀龙,43,65527.82,45,160000.0
2024-06-01,800002,1-1572,大地之核,45360,7203.419999999999,40633,30.0
2024-06-01,800002,1-2002,光暗SSR猎人自选包,29,8830.49,25,20000.0
2024-06-01,800002,1-1624,3.5周年小游戏入场券,449,7046.039999999999,127,800.0
2024-06-01,800002,1-9124,航海补给包III,50,1384.8200000000002,50,1780.0
2024-06-01,800002,1-1535,万能骰子,14749,9221.110000000004,14745,115.19
2024-06-01,800002,1-2577,六元素羽毛自选包,8400,4418.4,3295,80.0
2024-06-01,800002,1-2521,暗系自选红装备（智力）,34,12130.029999999999,27,25000.0
2024-06-01,800002,1-4105,夏日的亲密距离,1,316.38,1,12800.0
2024-06-01,800002,1-1556,美味便当,11396,70521.07999999996,6682,560.0
2024-06-01,800002,1-1403,6小时潜力水晶,761889,804661.7899999999,698423,180.0
2024-06-01,800002,1-9166,王者决胜战礼包I,237,4592.909999999999,237,1500.0
2024-06-01,800002,1-1510,使魔零食,1015819643,1815909.2499999988,615402284,0.3
2024-06-01,800002,1-9138,守护活力包||,968,3835.7499999999995,968,350.0
2024-06-01,800002,1-1560,心愿祈愿券,501985,1363814.5300000003,490630,300.0
2024-06-01,800002,1-1503,调和音律,35146610,501908.6099999999,29188240,1.0
2024-06-01,800002,1-1301,1小时历练值,46851,11343.849999999993,38613,20.0
2024-06-01,800002,1-1130,光元素宝石,73929,37284.969999999994,63510,100.0
2024-06-01,800002,1-1515,天命圣水,2364307960,5787835.100000002,2072355870,0.3
2024-06-01,800002,1-2545,相遇养成自选包,3381,14983.059999999998,3580,450.0
2024-06-01,800002,1-9125,航海补给包IV,10,909.24,10,3280.0
2024-06-01,800002,1-2533,六元素巨龙自选包,121,257901.0,128,160000.0
2024-06-01,800002,1-1570,天空之羽,44041,7173.059999999998,38917,30.0
2024-06-01,800002,1-2538,光暗羽毛自选包2,20500,69738.61999999998,8844,200.0
2024-06-01,800002,1-1401,1小时潜力水晶,15281,3334.069999999999,16241,30.0
2024-06-01,800002,1-1622,樱花祭小游戏入场券,81,81.93,6,100.0
2024-06-01,800002,1-2519,暗系自选红装备（力量）,102,60939.75,104,25000.0
2024-06-01,800002,1-9162,王者争夺战礼包I,1781,2528.9300000000017,1781,300.0
2024-06-01,800002,1-1629,2024泳装祭小游戏券,45219,27331.820000000032,40962,100.0
2024-06-01,800002,1-1550,猫粮,6,661.68,231,300.0
2024-06-01,800002,1-1128,火元素宝石,374057,395006.6999999999,375490,100.0
2024-06-01,800002,1-1116,高级精钢,1170568,1465095.2499999998,1089010,150.0
2024-06-01,800002,1-12022,水龙,2259,103998.05999999998,2189,10000.0
2024-06-01,800002,1-1122,猎龙精魄,16536819,244903.4300000002,15943344,2.4
2024-06-01,800002,1-2518,光系自选红装备（智力）,37,9459.000000000002,40,25000.0
2024-06-01,800002,1-2591,苍流碎片自选包A,71370,148307.29,61973,200.0
2024-06-01,800002,1-1202,2小时塔拉币,1379656,94713.78999999996,1472274,10.0
2024-06-01,800002,1-1132,初级挑战券,80093,53276.79000000004,19850,100.0
2024-06-01,800002,1-12043,火蜥领主龙,24,41540.46,22,160000.0
2024-06-01,800002,1-1303,6小时历练值,427948,285132.22,387455,120.0
2024-06-01,800002,1-4000,誓约之戒,1,84.66,4,12800.0
2024-06-01,800002,1-1125,高级强化石,2074179,1453346.63,1951640,60.0
2024-06-01,800002,1-1593,泳装对决入场券,1,0.0,1,100.0
2024-06-01,800002,1-2505,资源自选包3,330569,729481.1899999998,202971,500.0
2024-06-01,800002,1-1574,龙血精华,810,5660.209999999999,754,450.0
2024-06-01,800002,1-11066,冥之种,2480,6058.660000000001,2600,400.0
2024-06-01,800002,1-1201,1小时塔拉币,1740173,62449.4099999999,1601370,5.0
2024-06-01,800002,1-9118,射箭补给包I,554,3013.8599999999997,554,500.0
2024-06-01,800002,1-2569,高级笔记自选包2,7152,182773.66,8292,1200.0
2024-06-01,800002,1-1613,跳跳大闯关入场券,5,0.0,,800.0
2024-06-01,800002,1-12013,双足飞龙-火,1255,10809.520000000002,963,2000.0
2024-06-01,800002,1-2304,自选装备（紫+）,49,998.3899999999999,41,750.0
2024-06-01,800002,1-12014,双足飞龙-风,1201,12514.05,986,2000.0
2024-06-01,800002,1-12033,红炎龙,230,176335.09,227,80000.0
2024-06-01,800002,1-2510,专属装备养成自选包,1555,5123.739999999999,1418,500.0
2024-06-01,800002,1-12025,光龙,3,114.53,4,10000.0
2024-06-01,800002,1-2532,四元素巨龙自选包,462,649126.23,471,80000.0
2024-06-01,800002,1-2534,招募道具自选包2,23162,43284.340000000026,15922,500.0
2024-06-01,800002,1-2526,红色装备自选包（光暗）,557,825555.2200000001,317,25000.0
2024-06-01,800002,1-1123,猎龙精魂,17008965,297814.5300000002,16617476,2.8
2024-06-01,800002,1-9132,连连看补给包III,122,4478.04,122,1780.0
2024-06-01,800002,1-1117,扭蛋币,623827,1122184.4300000002,513706,300.0
2024-06-01,800002,1-2201,红色徽章自选包,84,18969.6,51,25000.0
2024-06-01,800002,1-11065,圣之种,1880,7256.2699999999995,1480,400.0
2024-06-01,800002,1-9123,航海补给包II,43,1363.9500000000003,43,1460.0
2024-06-01,800002,1-1587,2023樱花券,1,0.0,,200.0
2024-06-01,800002,1-9140,守护活力包|V,298,9007.3,298,2000.0
2024-06-01,800002,1-2104,红色鞋子自选包,274,26271.559999999998,195,25000.0
2024-06-01,800002,1-9169,王者决胜战礼包IV,333,42794.56,333,5000.0
2024-06-01,800002,1-1120,高级才能符文,1838493,828723.9000000001,1260004,40.0
2024-06-01,800002,1-11062,海之种,13080,17686.1,12560,200.0
2024-06-01,800002,1-1126,地元素宝石,151199,106042.89,143955,100.0
2024-06-01,800002,1-2520,暗系自选红装备（敏捷）,25,3884.79,26,25000.0
2024-06-01,800002,1-11064,岚之种,6120,8420.09,3840,200.0
2024-06-01,800002,1-1618,温泉游戏币,11,3.98,3,100.0
2024-06-01,800002,1-441004,半兵卫的贺词,1,550.46,1,12800.0
2024-06-01,800002,1-9172,自选礼包,8,990.4499999999999,8,14280.0
2024-06-01,800002,1-1525,招募应援券,83690,795554.82,5547,1500.0
2024-06-01,800002,1-2301,红装备自选,6901,6024767.11,4188,25000.0
2024-06-01,800002,1-1203,6小时塔拉币,175646,40207.44999999999,158968,30.0
2024-06-01,800002,1-2103,红色饰品自选包,176,20273.98,133,25000.0
2024-06-01,800002,1-12023,火龙,1371,53949.23000000002,1246,10000.0
2024-06-01,800002,1-1553,洛阳铲,304017,419989.6099999998,263784,180.0
2024-06-01,800002,1-2555,水系自选红装备（智力）,3,2046.29,3,25000.0
2024-06-01,800002,1-2536,资源自选包7,91201,628989.8200000002,80922,500.0
2024-06-01,800002,1-1620,情人节鲜花,600,788.34,175,100.0
2024-06-01,800002,1-1304,24小时历练值,4205,18327.529999999995,3969,480.0
2024-06-01,800002,1-2501,元素宝石自选包,2151074,2702296.770000001,2025487,100.0
2024-06-01,800002,1-1591,2023运动券,3,0.94,,200.0
2024-06-01,800002,1-1526,契约卡片,115758,250805.69,104660,250.0
2024-06-01,800002,1-2561,四元素自选红装备,6,2807.71,2,25000.0
2024-06-01,800002,1-2503,资源自选包1,36628,97977.81999999988,24285,500.0
2024-06-01,800002,1-530305,兔女郎的圣诞礼物,2,133.47,1,12800.0
2024-06-01,800002,1-12034,凤羽龙,160,103754.8,148,80000.0
2024-06-01,800002,1-1542,防晒乳,10,0.0,,400.0
2024-06-01,800002,1-540605,沙滩上的对弈,239,34071.95999999999,212,12800.0
2024-06-01,800002,1-9163,王者争夺战礼包II,28,398.51000000000005,28,1000.0
2024-06-01,800002,1-431204,小鹿乱撞的约会,255,33172.10999999999,250,12800.0
2024-06-01,800002,1-2567,相遇招募自选包2,3916,43672.84000000002,3661,1000.0
2024-06-01,800002,1-1575,还魂人偶,2619,6281.190000000004,516,300.0
2024-06-01,800002,1-1119,概率UP招募券,35406,85841.06999999999,25900,300.0
2024-06-01,800002,1-1599,静心之书,1732720,214451.10000000006,799426,20.0
2024-06-01,800002,1-2566,月光自选包2,5524,25556.519999999997,4859,500.0
2024-06-01,800002,1-1118,星芒结晶,6987,140045.18,5286,2000.0
2024-06-01,800002,1-2576,振金装备自选包,1622,112577.13000000002,1348,7500.0
2024-06-01,800002,1-8005,随机巨龙宝箱I,1396,93276.74000000003,1333,10000.0
2024-06-01,800002,1-2517,光系自选红装备（敏捷）,20,2477.9,16,25000.0
2024-06-01,800002,1-1576,不灭魂器,258,5470.84,247,1500.0
2024-06-01,800002,1-1521,飓风之羽,603763,157764.49999999997,387590,40.0
2024-06-01,800002,1-1127,水元素宝石,1161913,2676412.2600000002,1152750,100.0
2024-06-01,800002,1-2516,光系自选红装备（力量）,99,36281.23000000001,80,25000.0
2024-06-01,800002,1-2305,自选装备（紫）,4,105.9,4,450.0
2024-06-01,800002,1-1577,夺命飞弹,704,41570.40999999999,708,3000.0
2024-06-01,800002,1-9164,王者争夺战礼包III,11,341.46999999999997,11,1800.0
2024-06-01,800003,1-2567,相遇招募自选包2,148,3561.8499999999995,121,1000.0
2024-06-01,800003,1-1509,天命祈愿券,24940,325311.56,23319,300.0
2024-06-01,800003,1-2101,红色武器自选包,16,10038.220000000001,15,25000.0
2024-06-01,800003,1-9122,航海补给包I,19,372.57000000000005,19,500.0
2024-06-01,800003,1-1136,精星沙,2500,11715.630000000001,1878,150.0
2024-06-01,800003,1-1404,24小时潜力水晶,3348,61118.75999999999,2205,720.0
2024-06-01,800003,1-1515,天命圣水,36093030,331227.24000000005,21489460,0.3
2024-06-01,800003,1-9138,守护活力包||,15,137.6,15,350.0
2024-06-01,800003,1-2534,招募道具自选包2,355,2287.5,295,500.0
2024-06-01,800003,1-2201,红色徽章自选包,2,1334.11,1,25000.0
2024-06-01,800003,1-1131,暗元素宝石,366,616.88,,100.0
2024-06-01,800003,1-1525,招募应援券,2590,84763.65,1029,1500.0
2024-06-01,800003,1-12031,地岩龙,2,8933.55,3,80000.0
2024-06-01,800003,1-12033,红炎龙,6,6927.04,6,80000.0
2024-06-01,800003,1-9119,射箭补给包II,10,821.46,10,1460.0
2024-06-01,800003,1-1304,24小时历练值,208,2526.5000000000005,149,480.0
2024-06-01,800003,1-1609,魔力晶石,1221890,29583.94,711100,1.0
2024-06-01,800003,1-12034,凤羽龙,7,9385.98,7,80000.0
2024-06-01,800003,1-2519,暗系自选红装备（力量）,2,2092.5,2,25000.0
2024-06-01,800003,1-2506,资源自选包4,309,5786.8,180,500.0
2024-06-01,800003,1-1122,猎龙精魄,345686,17161.39,328462,2.4
2024-06-01,800003,1-2574,六元素领主龙自选包,1,8999.5,1,320000.0
2024-06-01,800003,1-1127,水元素宝石,15595,36764.6,13715,100.0
2024-06-01,800003,1-1600,无念之书,5379,6391.09,3490,50.0
2024-06-01,800003,1-2573,四元素领主龙自选包,1,4499.75,1,160000.0
2024-06-01,800003,1-2505,资源自选包3,789,8924.869999999999,525,500.0
2024-06-01,800003,1-1551,金钥匙,8,337.48,8,3000.0
2024-06-01,800003,1-431204,小鹿乱撞的约会,3,529.15,1,12800.0
2024-06-01,800003,1-2510,专属装备养成自选包,30,182.73000000000002,30,500.0
2024-06-01,800003,1-2526,红色装备自选包（光暗）,8,6515.51,8,25000.0
2024-06-01,800003,1-2504,资源自选包2,460,3039.79,259,500.0
2024-06-01,800003,1-9132,连连看补给包III,1,15.54,1,1780.0
2024-06-01,800003,1-1572,大地之核,335,33.78,234,30.0
2024-06-01,800003,1-12023,火龙,5,628.08,5,10000.0
2024-06-01,800003,1-2501,元素宝石自选包,25926,73551.99,16948,100.0
2024-06-01,800003,1-2538,光暗羽毛自选包2,900,3993.7799999999997,600,200.0
2024-06-01,800003,1-2532,四元素巨龙自选包,33,95582.16000000002,33,80000.0
2024-06-01,800003,1-1201,1小时塔拉币,86890,12253.509999999998,62305,5.0
2024-06-01,800003,1-1599,静心之书,10251,4204.500000000001,6646,20.0
2024-06-01,800003,1-540605,沙滩上的对弈,4,699.7199999999999,2,12800.0
2024-06-01,800003,1-2503,资源自选包1,873,5444.63,429,500.0
2024-06-01,800003,1-1558,圣石,606,4279.739999999999,511,300.0
2024-06-01,800003,1-1403,6小时潜力水晶,7846,28830.070000000003,5084,180.0
2024-06-01,800003,1-1117,扭蛋币,12829,73964.18000000002,10317,300.0
2024-06-01,800003,1-1545,绯红精铁,80420,67004.9,37700,50.0
2024-06-01,800003,1-12042,冰海领主龙,1,4499.75,1,160000.0
2024-06-01,800003,1-2502,猎人养成自选包,339,825.3200000000002,218,200.0
2024-06-01,800003,1-2521,暗系自选红装备（智力）,1,703.09,1,25000.0
2024-06-01,800003,1-9113,招募券礼包II,21,491.39,18,810.0
2024-06-01,800003,1-1148,星霜结晶,2036644,0.0,1843100,0.0
2024-06-01,800003,1-9166,王者决胜战礼包I,5,213.66,5,1500.0
2024-06-01,800003,1-2576,振金装备自选包,5,132.43,5,7500.0
2024-06-01,800003,1-1561,闪亮之星祈愿券,18619,122558.09000000001,18533,300.0
2024-06-01,800003,1-441004,半兵卫的贺词,1,570.27,1,12800.0
2024-06-01,800003,1-1111,潜力水晶,64354111,1416174.18,51590555,0.8
2024-06-01,800003,1-1116,高级精钢,6758,29023.29,5658,150.0
2024-06-01,800003,1-1584,王者之锤,320,124.81,194,150.0
2024-06-01,800003,1-2001,四种族SSR猎人自选包,15,11338.390000000001,13,10000.0
2024-06-01,800003,1-2591,苍流碎片自选包A,2550,15536.119999999999,1929,200.0
2024-06-01,800003,1-9125,航海补给包IV,3,740.73,3,3280.0
2024-06-01,800003,1-9128,娃娃机补给包III,3,165.76999999999998,3,1780.0
2024-06-01,800003,1-1511,龙眼石,412505,6217.950000000001,100000,1.0
2024-06-01,800003,1-2301,红装备自选,561,708789.6700000002,467,25000.0
2024-06-01,800003,1-2542,初级手册自选包,1,29.23,1,10000.0
2024-06-01,800003,1-1559,龙的心脏,591,12711.009999999997,,1000.0
2024-06-01,800003,1-1126,地元素宝石,669,1266.4499999999998,105,100.0
2024-06-01,800003,1-1560,心愿祈愿券,24809,185456.62,24457,300.0
2024-06-01,800003,1-9140,守护活力包|V,2,73.04,2,2000.0
2024-06-01,800003,1-1139,占卜卡,1529,16934.170000000002,1397,500.0
2024-06-01,800003,1-1526,契约卡片,647,2349.46,420,250.0
2024-06-01,800003,1-9120,射箭补给包III,10,1190.8200000000002,10,1780.0
2024-06-01,800003,1-9123,航海补给包II,8,853.9100000000001,8,1460.0
2024-06-01,800003,1-1528,战宠卡池券,713,3770.4300000000003,642,300.0
2024-06-01,800003,1-1570,天空之羽,322,22.14,318,30.0
2024-06-01,800003,1-1402,2小时潜力水晶,14928,17994.67,8473,60.0
2024-06-01,800003,1-1533,娃娃机游戏币,4518,16532.39,4279,140.201
2024-06-01,800003,1-1401,1小时潜力水晶,285,174.70000000000002,227,30.0
2024-06-01,800003,1-12021,地龙,11,758.56,10,10000.0
2024-06-01,800003,1-1556,美味便当,351,4929.0199999999995,63,560.0
2024-06-01,800003,1-1132,初级挑战券,2675,6102.16,789,100.0
2024-06-01,800003,1-9130,连连看补给包I,22,195.57999999999998,22,500.0
2024-06-01,800003,1-1130,光元素宝石,85,201.70999999999998,,100.0
2024-06-01,800003,1-1629,2024泳装祭小游戏券,1382,2715.68,1252,100.0
2024-06-01,800003,1-2507,资源自选包,9,32.04,9,550.0
2024-06-01,800003,1-9124,航海补给包III,2,134.06,2,1780.0
2024-06-01,800003,1-1521,飓风之羽,7247,8480.61,2675,40.0
2024-06-01,800003,1-12011,双足飞龙-地,39,1565.9599999999998,39,2000.0
2024-06-01,800003,1-1120,高级才能符文,38473,39155.93,11337,40.0
2024-06-01,800003,1-2104,红色鞋子自选包,5,2134.96,5,25000.0
2024-06-01,800003,1-9133,连连看补给包IV,1,146.06,1,3280.0
2024-06-01,800003,1-9121,射箭补给包IV,5,736.1399999999999,5,3280.0
2024-06-01,800003,1-2565,星辉自选包2,1249,7068.45,720,240.0
2024-06-01,800003,1-1301,1小时历练值,12381,8636.17,9144,20.0
2024-06-01,800003,1-2518,光系自选红装备（智力）,2,1406.17,2,25000.0
2024-06-01,800003,1-1534,骰子,5318,16782.750000000004,5190,115.19
2024-06-01,800003,1-2568,初级笔记自选包2,219,11424.710000000006,211,1200.0
2024-06-01,800003,1-1504,圣能结晶,37852021,1191795.3000000003,9624870,1.0
2024-06-01,800003,1-12046,九头领主龙,1,8999.5,1,320000.0
2024-06-01,800003,1-1535,万能骰子,375,795.5000000000001,355,115.19
2024-06-01,800003,1-1125,高级强化石,71244,106184.52000000003,59134,60.0
2024-06-01,800003,1-1123,猎龙精魂,335888,22579.300000000003,326568,2.8
2024-06-01,800003,1-2545,相遇养成自选包,138,1230.04,82,450.0
2024-06-01,800003,1-2535,装备材料自选包,1923,13261.310000000001,940,500.0
2024-06-01,800003,1-1575,还魂人偶,91,328.40000000000003,8,300.0
2024-06-01,800003,1-2527,四元素羽毛自选包,3000,2521.88,2500,40.0
2024-06-01,800003,1-2002,光暗SSR猎人自选包,56,26289.859999999993,54,20000.0
2024-06-01,800003,1-2536,资源自选包7,2096,24426.910000000003,1685,500.0
2024-06-01,800003,1-12036,暗裔龙,1,125.75,1,160000.0
2024-06-01,800003,1-1548,英雄挑战券,167,5726.25,6,520.8333333
2024-06-01,800003,1-2520,暗系自选红装备（敏捷）,2,1610.67,2,25000.0
2024-06-01,800003,1-12012,双足飞龙-水,83,3171.9199999999996,83,2000.0
2024-06-01,800003,1-9162,王者争夺战礼包I,89,326.35,89,300.0
2024-06-01,800003,1-1147,限定招募券,10,58.01,10,300.0
2024-06-01,800003,1-1303,6小时历练值,7837,21945.44,5091,120.0
2024-06-01,800003,1-1115,普通精钢,1771879,111693.39000000001,1251017,3.0
2024-06-01,800003,1-11062,海之种,360,1396.2999999999997,200,200.0
2024-06-01,800003,1-8001,四元素羽毛宝箱,26550,29818.909999999996,24791,40.0
2024-06-01,800003,1-1138,私人信件,1269889,307079.6500000001,881248,10.0
2024-06-01,800003,1-1527,光暗招募应援券,2201,123052.16,410,2500.0
2024-06-01,800003,1-1114,元素招募券,5550,74318.49,4938,540.0
2024-06-01,800003,1-1124,普通强化石,252087,140043.6,230820,20.0
2024-06-01,800003,1-9127,娃娃机补给包II,1,18.54,1,1460.0
2024-06-01,800003,1-1129,风元素宝石,3980,7733.98,2280,100.0
2024-06-01,800003,1-1302,2小时历练值,9318,9906.769999999999,5723,40.0
2024-06-01,800003,1-2302,自选装备（橙+）,81,4193.08,62,1950.0
2024-06-01,800003,1-2304,自选装备（紫+）,97,2363.6700000000005,68,750.0
2024-06-01,800003,1-11051,龙颈之玉,4647,10447.249999999998,3675,100.0
2024-06-01,800003,1-2525,资源自选包5,7147,87615.33,4964,500.0
2024-06-01,800003,1-1536,光暗天命祈愿券,205,2882.65,191,500.0
2024-06-01,800003,1-4000,誓约之戒,2,989.51,2,12800.0
2024-06-01,800003,1-1557,圣露,869,5375.3099999999995,774,300.0
2024-06-01,800003,1-9118,射箭补给包I,38,445.28,38,500.0
2024-06-01,800003,1-12022,水龙,22,3211.25,22,10000.0
2024-06-01,800003,1-2516,光系自选红装备（力量）,1,703.09,1,25000.0
2024-06-01,800003,1-9126,娃娃机补给包I,18,266.31,18,500.0
2024-06-01,800003,1-1538,练习用箭矢,11520,27990.46,10378,70.0
2024-06-01,800003,1-12032,冰霜龙,26,69675.63,25,80000.0
2024-06-01,800003,1-2103,红色饰品自选包,5,1284.83,5,25000.0
2024-06-01,800003,1-9139,守护活力包|||,4,64.83,4,1000.0
2024-06-01,800003,1-1512,锦标赛挑战券,136,192.11999999999998,135,86.0
2024-06-01,800003,1-1547,普通挑战券,1000,3062.359999999999,15,104.1666667
2024-06-01,800003,1-2566,月光自选包2,279,3397.0899999999997,112,500.0
2024-06-01,800003,1-11081,金色朝露,636592,58175.76000000001,463730,5.0
2024-06-01,800003,1-1628,2024游园会小游戏券,1614,4495.29,1454,100.0
2024-06-01,800003,1-8005,随机巨龙宝箱I,3,241.10000000000002,3,10000.0
2024-06-01,800003,1-1203,6小时塔拉币,9500,7112.49,6579,30.0
2024-06-01,800003,1-1113,招募券,97373,817918.1399999999,96566,270.0
2024-06-01,800003,1-9129,娃娃机补给包IV,1,78.53,1,3280.0
2024-06-01,800003,1-1543,天命乐章,5492350,102600.70000000001,,0.5
2024-06-01,800003,1-1544,英雄之证,3537,33514.869999999995,1360,500.0
2024-06-01,800003,1-1204,24小时塔拉币,10333,30695.739999999994,7028,120.0
2024-06-01,800003,1-1624,3.5周年小游戏入场券,8,441.06,4,800.0
2024-06-01,800003,1-1202,2小时塔拉币,75188,24559.73,59708,10.0
2024-06-01,800003,1-1601,忘我之书,401,1090.81,49,100.0
2024-06-01,800003,1-1119,概率UP招募券,3347,26351.489999999994,2404,300.0
2024-06-01,800003,1-1553,洛阳铲,1924,5892.75,1514,180.0
2024-06-01,800003,1-1135,星沙,896075,56418.98000000001,560202,3.0
2024-06-01,800003,1-1552,银钥匙,78,1484.5100000000002,75,800.0
2024-06-01,800003,1-1518,大地之羽,6237,7466.430000000002,985,40.0
2024-06-01,800003,1-1549,悬赏单,2,157.05,,1145.833333
2024-06-01,800003,1-12013,双足飞龙-火,52,1979.81,52,2000.0
2024-06-01,800003,1-1519,海洋之羽,7084,7809.82,2165,40.0
2024-06-01,800003,1-1520,火焰之羽,6723,7668.080000000001,550,40.0
2024-06-01,800003,1-12014,双足飞龙-风,53,2335.5099999999998,53,2000.0
2024-06-01,800003,1-1133,高级挑战券,134,357.78999999999996,59,100.0
2024-06-01,800003,1-1134,龙之雫,1119,7827.79,603,300.0
2024-06-01,800003,1-1118,星芒结晶,80,2674.5300000000007,70,2000.0
2024-06-01,800003,1-1121,中级才能符文,80981,86129.25999999997,20879,40.0
2024-06-01,800003,1-2533,六元素巨龙自选包,9,27941.949999999997,8,160000.0
2024-06-01,800003,1-1510,使魔零食,3724652,18100.070000000003,827168,0.3
2024-06-01,800003,1-1503,调和音律,1235480,45845.01999999999,387800,1.0
2024-06-01,800003,1-1501,光暗特邀券,1740,34448.42,1139,500.0
2024-06-01,800003,1-12024,风龙,4,432.32,4,10000.0
2024-06-01,800003,1-1603,极意竞技入场卷,2113,4671.719999999999,302,100.0
2024-06-01,800003,1-1137,初级才能符文,136634,75186.62,33522,20.0
2024-06-01,800003,1-1128,火元素宝石,1037,2014.22,50,100.0
2024-06-01,800003,1-9163,王者争夺战礼包II,1,3.42,1,1000.0
2024-06-01,800003,1-9131,连连看补给包II,9,394.74,9,1460.0
2024-06-01,800003,1-1516,天命宝珠,4817226,141004.07,3415000,1.0
2024-06-01,800003,1-1610,魔力碎片,75226,18641.559999999998,34000,10.0
2024-06-01,800003,1-2569,高级笔记自选包2,195,10364.729999999996,181,1200.0
2024-06-01,800003,1-2530,资源自选包6,1932,28950.43,1302,500.0
2024-06-01,800003,1-2570,调和圣殿养成自选包,485,5325.3099999999995,190,500.0
2024-06-01,800003,1-9159,自选礼包,1,16.49,1,1020.0
2024-06-01,800003,1-11071,育成心得,3792484,69884.20999999999,2608570,1.0
2024-06-01,800003,1-2102,红色衣服自选包,6,4853.15,6,25000.0
2024-06-01,800003,1-1539,红绳,18998,14494.339999999998,18506,39.25376489
2024-06-01,800003,1-9137,守护活力包|,288,0.0,288,0.0
2024-06-01,800003,1-1576,不灭魂器,5,213.66,,1500.0
2024-06-01,800003,1-1571,海洋之泪,376,134.23000000000002,371,30.0
