month,channel,item_id,item_name,item_add,core_cost
2024-02-01,800001,2-2020403,灵动外套,8508,13919.01
2024-02-01,800001,2-1010404,金刚战锤,8471,14243.630000000001
2024-02-01,800001,5-603,疾风徽章,849,121561.12000000001
2024-02-01,800001,2-20103,理性匕首,91893,92514.40000000002
2024-02-01,800001,2-10302,忍耐护腕,74070,38561.46
2024-02-01,800001,3-14108,阿瑞斯天命碎片,111666,194328.4300000001
2024-02-01,800001,2-1020601,白银铠甲,1695,7400.99
2024-02-01,800001,3-2101,洛必达碎片,5499900,87101.25
2024-02-01,800001,2-1030804,白金护腕,85,766.2599999999999
2024-02-01,800001,2-2040700,黄金皮靴,2152,15273.980000000001
2024-02-01,800001,3-15301,卡门碎片,14466,27076.800000000007
2024-02-01,800001,3-14405,黄忠天命碎片,95805,137862.89
2024-02-01,800001,2-1030805,白金护腕,110,870.4899999999999
2024-02-01,800001,3-14607,德古拉天命碎片,6250,29053.39
2024-02-01,800001,2-2010900,秘银匕首,169,28027.78
2024-02-01,800001,2-2040606,白银皮靴,1783,6489.480000000001
2024-02-01,800001,5-505,刚体徽章,1125,12433.560000000003
2024-02-01,800001,5-405,刚体徽章,7151,41861.150000000016
2024-02-01,800001,2-1040903,秘银战靴,84,30789.070000000003
2024-02-01,800001,3-2201,长宗我部盛亲碎片,5491000,85892.95
2024-02-01,800001,2-1010904,秘银战锤,105,37411.11000000001
2024-02-01,800001,2-1010603,白银战斧,1741,7414.879999999999
2024-02-01,800001,2-3030802,白金项链,100,968.5599999999998
2024-02-01,800001,2-2020605,白银外套,1888,7169.7
2024-02-01,800001,3-4304,出云阿国碎片,99700,104181.29000000001
2024-02-01,800001,2-1020404,金刚铠甲,8447,14477.390000000001
2024-02-01,800001,2-9031000,振金饰品,306,111230.31000000001
2024-02-01,800001,2-8031000,瑟银饰品,847,145413.61000000004
2024-02-01,800001,5-606,生命徽章,397,72383.34
2024-02-01,800001,2-2030802,白金指环,77,785.69
2024-02-01,800001,2-1020904,秘银铠甲,86,38967.23999999998
2024-02-01,800001,2-2040405,灵动皮靴,8361,14129.809999999998
2024-02-01,800001,2-3040505,寒铁布靴,4031,9737.839999999998
2024-02-01,800001,2-2040500,寒铁长靴,16315,40228.529999999984
2024-02-01,800001,2-2020903,秘银外套,57,16853.329999999998
2024-02-01,800001,2-3030502,寒铁项链,4119,10462.25
2024-02-01,800001,2-2040701,黄金皮靴,572,3504.27
2024-02-01,800001,2-1020402,金刚铠甲,8357,14503.83
2024-02-01,800001,2-3030400,精力项链,33500,55475.560000000005
2024-02-01,800001,3-4108,阿瑞斯碎片,85700,66397.10000000002
2024-02-01,800001,2-2020505,寒铁外套,4001,9893.899999999998
2024-02-01,800001,2-2020702,黄金外套,607,3844.920000000001
2024-02-01,800001,2-30403,思惑布靴,91684,91439.10000000002
2024-02-01,800001,2-3040706,黄金长靴,525,3168.5899999999997
2024-02-01,800001,2-3040800,白金长靴,368,3695.7599999999998
2024-02-01,800001,2-1040505,寒铁皮靴,4032,9591.93
2024-02-01,800001,2-10301,新兵护腕,79713,13984.520000000002
2024-02-01,800001,2-1030701,黄金护腕,515,2920.7699999999995
2024-02-01,800001,3-4306,瓦特碎片,92900,60734.14
2024-02-01,800001,2-3030903,秘银项链,56,17937.469999999998
2024-02-01,800001,3-14502,大乔&小乔天命碎片,38913,423917.0
2024-02-01,800001,2-3010706,黄金法杖,541,3872.34
2024-02-01,800001,2-1040805,白金战靴,102,1035.73
2024-02-01,800001,2-3030804,白金项链,98,1362.97
2024-02-01,800001,2-30202,元素长袍,73565,37902.579999999994
2024-02-01,800001,2-3010705,黄金法杖,563,3576.95
2024-02-01,800001,2-3020704,黄金长袍,537,3908.4099999999994
2024-02-01,800001,2-3040804,白金长靴,73,733.68
2024-02-01,800001,5-305,刚体徽章,83084,303807.26
2024-02-01,800001,3-4401,莎士比亚碎片,99500,72829.92
2024-02-01,800001,3-15303,周瑜碎片,13698,25920.949999999997
2024-02-01,800001,2-2010801,白金匕首,100,975.8799999999999
2024-02-01,800001,2-2020406,灵动外套,8604,14609.019999999997
2024-02-01,800001,2-1020805,白金铠甲,109,1688.82
2024-02-01,800001,2-9041000,振金鞋子,301,109106.93
2024-02-01,800001,3-15204,柏拉图碎片,3613,5427.739999999999
2024-02-01,800001,2-3020800,白金长袍,379,5450.879999999999
2024-02-01,800001,2-1020802,白金铠甲,95,1050.8700000000003
2024-02-01,800001,2-2010504,寒铁匕首,4037,9680.019999999997
2024-02-01,800001,2-30201,见习者长袍,79740,13803.199999999999
2024-02-01,800001,2-1030705,黄金护腕,535,3137.030000000001
2024-02-01,800001,3-15402,贝多芬碎片,22569,33189.880000000005
2024-02-01,800001,2-3040900,秘银长靴,164,21705.93
2024-02-01,800001,2-30301,见习者项链,80106,13954.949999999999
2024-02-01,800001,2-2010602,白银匕首,1740,7404.21
2024-02-01,800001,2-2040806,白金皮靴,123,2295.8999999999996
2024-02-01,800001,2-1030603,白银护腕,1726,6644.470000000001
2024-02-01,800001,2-20202,消沉外套,73817,38934.33999999999
2024-02-01,800001,2-1010504,寒铁战斧,4014,9884.59
2024-02-01,800001,2-3040703,黄金长靴,601,4298.160000000001
2024-02-01,800001,2-2010906,秘银匕首,81,24668.41
2024-02-01,800001,2-1030402,金刚护腕,8284,13451.499999999998
2024-02-01,800001,2-2030604,白银指环,1785,6904.95
2024-02-01,800001,2-1030902,秘银护腕,74,34172.57
2024-02-01,800001,2-2030906,秘银指环,59,18892.969999999998
2024-02-01,800001,2-3020601,白银长袍,1876,8264.939999999999
2024-02-01,800001,2-1030505,寒铁护腕,4086,10321.59
2024-02-01,800001,3-15403,足利义辉碎片,57852,185399.71000000014
2024-02-01,800001,2-2030600,白银指环,7179,30145.980000000003
2024-02-01,800001,2-1040700,黄金战靴,2160,13907.67
2024-02-01,800001,2-2020405,灵动外套,8306,14258.170000000002
2024-02-01,800001,3-2402,拉比努斯碎片,5534000,90977.44000000002
2024-02-01,800001,2-1040502,寒铁皮靴,4009,9767.169999999998
2024-02-01,800001,2-1020506,寒铁铠甲,4117,9873.909999999998
2024-02-01,800001,2-2020506,寒铁外套,4042,9756.09
2024-02-01,800001,2-2010403,灵动匕首,8412,14401.650000000001
2024-02-01,800001,3-15203,柴田胜家碎片,74801,139829.5500000001
2024-02-01,800001,2-3030506,寒铁项链,4061,9766.680000000002
2024-02-01,800001,2-2040501,寒铁长靴,4071,9742.05
2024-02-01,800001,2-1020400,金刚铠甲,33849,56605.19000000002
2024-02-01,800001,2-3020503,寒铁长袍,4066,10619.349999999999
2024-02-01,800001,2-3020703,黄金长袍,566,3475.78
2024-02-01,800001,2-1010703,黄金战锤,549,3323.41
2024-02-01,800001,2-20201,初心者外套,79792,14170.259999999997
2024-02-01,800001,2-2030606,白银指环,1751,6878.82
2024-02-01,800001,2-1010602,白银战斧,1735,7587.960000000001
2024-02-01,800001,2-3020403,精力长袍,8390,14344.380000000003
2024-02-01,800001,2-1040402,金刚皮靴,8515,15063.100000000002
2024-02-01,800001,3-4402,宫本武藏碎片,97000,69074.28
2024-02-01,800001,2-3030504,寒铁项链,3996,9631.960000000001
2024-02-01,800001,2-1010803,白金战锤,104,1447.08
2024-02-01,800001,2-20403,理性皮靴,91840,92002.07000000002
2024-02-01,800001,2-3010605,白银法杖,1884,7824.650000000001
2024-02-01,800001,2-1030502,寒铁护腕,4033,10492.179999999998
2024-02-01,800001,2-3030704,黄金项链,583,4402.139999999999
2024-02-01,800001,2-10303,力量护腕,91426,91492.28000000001
2024-02-01,800001,3-2302,亚西比德碎片,5550700,86959.34999999998
2024-02-01,800001,2-3030501,寒铁项链,4072,10580.630000000001
2024-02-01,800001,2-3020702,黄金长袍,602,3357.809999999999
2024-02-01,800001,2-1030602,白银护腕,1749,7387.759999999998
2024-02-01,800001,2-3010400,精力法杖,33694,56765.88000000001
2024-02-01,800001,2-2020601,白银外套,1782,7191.96
2024-02-01,800001,2-3040801,白金长靴,96,1218.4800000000002
2024-02-01,800001,2-10202,忍耐铠甲,73290,38785.590000000004
2024-02-01,800001,2-1030401,金刚护腕,8349,14104.290000000003
2024-02-01,800001,3-4305,织田信长碎片,103500,74521.16
2024-02-01,800001,2-3030604,白银项链,1826,7288.26
2024-02-01,800001,3-14109,卑弥呼天命碎片,95673,131954.37000000002
2024-02-01,800001,2-3020402,精力长袍,8406,13108.730000000001
2024-02-01,800001,2-8041000,瑟银鞋子,853,159771.71999999997
2024-02-01,800001,3-14312,荆轲天命碎片,8550,11829.239999999998
2024-02-01,800001,2-3040502,寒铁布靴,3964,10105.33
2024-02-01,800001,2-3010800,白金法杖,391,3313.4200000000005
2024-02-01,800001,3-15101,克利奥帕特拉碎片,14385,26003.58
2024-02-01,800001,2-3010905,秘银法杖,94,24242.629999999997
2024-02-01,800001,2-2020502,寒铁外套,3957,9335.13
2024-02-01,800001,2-3020905,秘银长袍,69,16509.15
2024-02-01,800001,3-15302,潘多拉碎片,160557,378592.4799999999
2024-02-01,800001,2-1030901,秘银护腕,86,34712.39
2024-02-01,800001,2-3010700,黄金法杖,2201,16380.54
2024-02-01,800001,2-10201,新兵铠甲,79922,14152.639999999996
2024-02-01,800001,3-14209,甄姬天命碎片,100337,143999.00999999998
2024-02-01,800001,3-1550101,亚瑟元素体碎片,5900,18141.359999999997
2024-02-01,800001,2-1020600,白银铠甲,6974,28704.38
2024-02-01,800001,2-1020503,寒铁铠甲,4147,10062.890000000001
2024-02-01,800001,2-1040706,黄金战靴,529,3908.2700000000004
2024-02-01,800001,3-1560101,吕布元素体碎片,500,396.67
2024-02-01,800001,2-1020605,白银铠甲,1726,7477.620000000001
2024-02-01,800001,5-508,不屈徽章,971,8919.43
2024-02-01,800001,2-3040705,黄金长靴,543,3303.49
2024-02-01,800001,2-20203,理性外套,91446,91114.92
2024-02-01,800001,3-4601,司马懿碎片,61300,313318.5500000001
2024-02-01,800001,3-15102,海格力斯碎片,109095,179606.95999999996
2024-02-01,800001,2-2030904,秘银指环,74,23507.61
2024-02-01,800001,2-30102,元素法杖,73327,37922.329999999994
2024-02-01,800001,2-1040404,金刚皮靴,8533,14220.439999999999
2024-02-01,800001,3-14410,竹中半兵卫天命碎片,7054,9395.449999999999
2024-02-01,800001,2-2040906,秘银皮靴,51,9520.239999999998
2024-02-01,800001,2-3040404,精力布靴,8470,14292.48
2024-02-01,800001,3-15312,齐格飞碎片,315453,2984738.0799999996
2024-02-01,800001,3-15103,莫比乌斯碎片,80990,129520.19000000002
2024-02-01,800001,2-1010902,秘银战锤,113,42008.28000000001
2024-02-01,800001,2-3030602,白银项链,1847,7046.790000000001
2024-02-01,800001,3-15311,今川义元碎片,166438,1191513.2600000005
2024-02-01,800001,2-30402,元素布靴,73670,38428.83
2024-02-01,800001,3-15502,所罗门碎片,29900,126434.79
2024-02-01,800001,2-1030400,金刚护腕,34028,58322.86000000001
2024-02-01,800001,2-3020605,白银长袍,1787,6635.919999999999
2024-02-01,800001,2-2030406,灵动指环,8399,13874.919999999998
2024-02-01,800001,3-14504,瑞吉蕾芙天命碎片,741,419.01000000000005
2024-02-01,800001,3-3202,笛卡尔碎片,2159000,340949.89
2024-02-01,800001,2-1010705,黄金战锤,575,4074.82
2024-02-01,800001,2-1030904,秘银护腕,96,48141.15000000001
2024-02-01,800001,2-20402,消沉皮靴,73979,38728.919999999984
2024-02-01,800001,2-3020500,寒铁长袍,15939,39478.49
2024-02-01,800001,3-14214,[泳装]伊织萌天命碎片,17158,21252.230000000003
2024-02-01,800001,2-2030806,白金指环,107,1367.1899999999998
2024-02-01,800001,2-10401,新兵皮靴,80102,14098.239999999998
2024-02-01,800001,2-3040600,白银长靴,7159,29301.86
2024-02-01,800001,2-2040703,黄金皮靴,550,3542.6800000000003
2024-02-01,800001,3-400,SSR随机碎片,1391380,435739.6100000003
2024-02-01,800001,2-1040401,金刚皮靴,8432,13736.05
2024-02-01,800001,3-2102,陈宫碎片,5513900,86547.87
2024-02-01,800001,2-9021000,振金衣服,312,113602.19000000003
2024-02-01,800001,2-3040500,寒铁布靴,16358,40622.80999999999
2024-02-01,800001,3-15304,普罗米修斯碎片,232690,296326.71999999974
2024-02-01,800001,2-20102,消沉匕首,73510,38368.00999999999
2024-02-01,800001,2-1010801,白金战锤,94,1071.0600000000002
2024-02-01,800001,2-1010906,秘银战锤,96,25944.02
2024-02-01,800001,3-4206,罗慕路斯碎片,106400,80078.85
2024-02-01,800001,3-3101,贾诩碎片,2145300,322075.3099999999
2024-02-01,800001,2-2010805,白金匕首,105,997.4199999999998
2024-02-01,800001,3-15405,莫德雷德碎片,7776,14505.489999999998
2024-02-01,800001,2-2010402,灵动匕首,8550,14224.32
2024-02-01,800001,2-3040604,白银长靴,1822,8034.1100000000015
2024-02-01,800001,2-1030704,黄金护腕,553,4563.42
2024-02-01,800001,2-1010806,白金战锤,106,893.2400000000001
2024-02-01,800001,2-2030605,白银指环,1705,6969.909999999999
2024-02-01,800001,2-2040502,寒铁长靴,4033,9971.16
2024-02-01,800001,2-3020802,白金长袍,100,955.3899999999999
2024-02-01,800001,3-15410,巴巴托斯碎片,6357,65587.76
2024-02-01,800001,2-1040405,金刚皮靴,8423,14309.999999999996
2024-02-01,800001,2-1040601,白银战靴,1726,7146.050000000001
2024-02-01,800001,2-2010901,秘银匕首,98,22396.77
2024-02-01,800001,2-3020505,寒铁长袍,4053,10265.66
2024-02-01,800001,2-2030603,白银指环,1762,7399.740000000001
2024-02-01,800001,2-3020706,黄金长袍,547,3546.87
2024-02-01,800001,2-1030801,白金护腕,66,811.55
2024-02-01,800001,2-1020606,白银铠甲,1775,7617.440000000001
2024-02-01,800001,2-3040606,白银长靴,1787,7625.82
2024-02-01,800001,3-4102,雨果碎片,99000,75177.81
2024-02-01,800001,3-4307,米开朗基罗碎片,112500,84440.63000000002
2024-02-01,800001,2-3020803,白金长袍,101,917.4800000000002
2024-02-01,800001,2-1030604,白银护腕,1847,7545.869999999999
2024-02-01,800001,2-1030806,白金护腕,90,848.6700000000002
2024-02-01,800001,3-4410,竹中半兵卫碎片,127200,108687.00000000001
2024-02-01,800001,2-1010503,寒铁战斧,3915,9636.249999999996
2024-02-01,800001,5-607,狂气徽章,461,77475.65
2024-02-01,800001,3-4205,明智光秀碎片,82800,62493.62999999999
2024-02-01,800001,2-2030703,黄金指环,570,4280.55
2024-02-01,800001,2-2020701,黄金外套,566,4334.389999999999
2024-02-01,800001,2-1010605,白银战斧,1719,7350.530000000001
2024-02-01,800001,2-2010701,黄金匕首,561,4291.409999999998
2024-02-01,800001,3-4311,哥白尼碎片,96600,73404.71999999999
2024-02-01,800001,2-20101,初心者匕首,79472,13998.749999999998
2024-02-01,800001,2-3020404,精力长袍,8448,13936.689999999999
2024-02-01,800001,2-2010702,黄金匕首,569,3603.94
2024-02-01,800001,2-1010800,白金战锤,375,5682.14
2024-02-01,800001,2-3030705,黄金项链,588,3739.9700000000003
2024-02-01,800001,2-1040604,白银战靴,1825,8720.099999999999
2024-02-01,800001,2-3030805,白金项链,87,1084.3500000000001
2024-02-01,800001,2-3030800,白金项链,398,4940.700000000001
2024-02-01,800001,2-1020706,黄金铠甲,573,4440.319999999999
2024-02-01,800001,2-2030602,白银指环,1740,7379.799999999999
2024-02-01,800001,2-3030801,白金项链,102,872.27
2024-02-01,800001,3-15105,伊织萌天命碎片,17069,20175.5
2024-02-01,800001,2-3020705,黄金长袍,623,4005.49
2024-02-01,800001,2-1010702,黄金战锤,527,3467.47
2024-02-01,800001,3-14501,理查天命碎片,51399,176749.14
2024-02-01,800001,2-3040903,秘银长靴,57,22011.68
2024-02-01,800001,2-1030600,白银护腕,7117,27989.38
2024-02-01,800001,2-2040603,白银皮靴,1798,7928.9
2024-02-01,800001,2-3030905,秘银项链,65,12392.5
2024-02-01,800001,2-1040802,白金战靴,102,955.1200000000001
2024-02-01,800001,5-306,生命徽章,83154,301957.2899999999
2024-02-01,800001,5-506,生命徽章,1195,13238.939999999997
2024-02-01,800001,3-9998,四元素万能碎片,1200,1327.8
2024-02-01,800001,2-1040904,秘银战靴,84,36378.9
2024-02-01,800001,2-3040406,精力布靴,8384,14021.890000000003
2024-02-01,800001,2-2010802,白金匕首,95,1214.1299999999999
2024-02-01,800001,3-15209,阿佛洛狄忒碎片,8771,9360.199999999999
2024-02-01,800001,2-3020901,秘银长袍,54,7586.279999999999
2024-02-01,800001,2-2010903,秘银匕首,106,32287.200000000004
2024-02-01,800001,2-3020903,秘银长袍,63,16800.09
2024-02-01,800001,2-3010903,秘银法杖,68,28293.17
2024-02-01,800001,2-2040903,秘银皮靴,75,19449.049999999992
2024-02-01,800001,2-1040602,白银战靴,1753,7866.749999999998
2024-02-01,800001,2-3020904,秘银长袍,67,14947.349999999999
2024-02-01,800001,3-4507,[圣诞]伊织萌碎片,70100,799268.23
2024-02-01,800001,2-1040902,秘银战靴,94,37773.659999999996
2024-02-01,800001,3-4602,但丁碎片,60900,85525.6
2024-02-01,800001,2-3010902,秘银法杖,78,14773.369999999999
2024-02-01,800001,2-3010804,白金法杖,111,1889.61
2024-02-01,800001,3-15208,伊西丝碎片,6945,12536.24
2024-02-01,800001,2-3030403,精力项链,8647,14239.390000000005
2024-02-01,800001,2-2030502,寒铁指环,4127,10332.520000000004
2024-02-01,800001,3-15306,平清盛碎片,6039,7208.369999999999
2024-02-01,800001,2-1020500,寒铁铠甲,16258,41508.30999999999
2024-02-01,800001,2-2030504,寒铁指环,3992,10162.019999999999
2024-02-01,800001,2-20301,初心者指环,79545,14006.610000000002
2024-02-01,800001,2-2040404,灵动皮靴,8435,13619.320000000003
2024-02-01,800001,2-2020400,灵动外套,33639,54815.86000000001
2024-02-01,800001,3-15207,维纳斯碎片,13866,25704.209999999995
2024-02-01,800001,2-10103,力量战锤,91368,91102.93000000002
2024-02-01,800001,2-2020501,寒铁外套,4044,10264.21
2024-02-01,800001,2-3020406,精力长袍,8335,14015.339999999998
2024-02-01,800001,2-3030904,秘银项链,61,10562.82
2024-02-01,800001,2-3030702,黄金项链,530,3581.5399999999995
2024-02-01,800001,2-3010404,精力法杖,8483,14354.95
2024-02-01,800001,2-30303,思惑项链,91437,90581.74000000002
2024-02-01,800001,2-3040602,白银长靴,1775,7655.290000000001
2024-02-01,800001,3-14408,屋大维天命碎片,59126,160489.58000000002
2024-02-01,800001,3-2202,修普诺斯碎片,5473300,86639.85
2024-02-01,800001,2-3020401,精力长袍,8438,14103.149999999998
2024-02-01,800001,2-1040705,黄金战靴,548,3390.6100000000006
2024-02-01,800001,2-1010606,白银战斧,1771,6655.169999999999
2024-02-01,800001,2-3030603,白银项链,1812,7412.9000000000015
2024-02-01,800001,2-3030606,白银项链,1768,7273.97
2024-02-01,800001,2-3040403,精力布靴,8505,13888.33
2024-02-01,800001,2-3010505,寒铁法杖,3971,9270.11
2024-02-01,800001,2-2020602,白银外套,1747,7217.549999999998
2024-02-01,800001,2-1010405,金刚战锤,8411,13902.409999999998
2024-02-01,800001,3-4106,拉斐尔碎片,104900,67285.32999999999
2024-02-01,800001,2-3010502,寒铁法杖,4026,10014.52
2024-02-01,800001,5-406,生命徽章,7217,41684.840000000004
2024-02-01,800001,2-1020700,黄金铠甲,2177,14808.86
2024-02-01,800001,3-15202,丹羽长秀碎片,119797,184363.71000000008
2024-02-01,800001,3-4309,本多忠胜碎片,110500,88479.33000000002
2024-02-01,800001,2-2020404,灵动外套,8375,14215.86
2024-02-01,800001,2-2040503,寒铁长靴,4079,9920.7
2024-02-01,800001,2-1030500,寒铁护腕,16193,39909.73
2024-02-01,800001,2-2040601,白银皮靴,1734,7341.52
2024-02-01,800001,2-2040506,寒铁长靴,4001,9982.190000000002
2024-02-01,800001,2-2030700,黄金指环,2203,14747.56
2024-02-01,800001,2-2040400,灵动皮靴,33581,55850.69000000001
2024-02-01,800001,2-1040702,黄金战靴,567,3737.03
2024-02-01,800001,2-1030605,白银护腕,1806,7930.309999999999
2024-02-01,800001,2-1030405,金刚护腕,8554,14255.52
2024-02-01,800001,2-1010501,寒铁战斧,4012,10458.490000000002
2024-02-01,800001,5-504,勇气徽章,1204,12178.880000000001
2024-02-01,800001,3-1450201,大小乔元素体碎片,54700,711979.8300000002
2024-02-01,800001,2-3030701,黄金项链,595,3574.9100000000003
2024-02-01,800001,2-3020504,寒铁长袍,3984,9249.28
2024-02-01,800001,3-4110,汉尼拔碎片,96400,78727.57
2024-02-01,800001,5-604,勇气徽章,708,134744.53000000003
2024-02-01,800001,2-2010401,灵动匕首,8318,13767.25
2024-02-01,800001,3-3401,长宗我部元亲碎片,2131700,348905.77
2024-02-01,800001,3-4503,索尔碎片,58000,72295.65000000001
2024-02-01,800001,3-3201,马可波罗碎片,2112400,329664.81
2024-02-01,800001,2-2040803,白金皮靴,88,1159.8300000000002
2024-02-01,800001,2-3010606,白银法杖,1772,6305.779999999998
2024-02-01,800001,3-15104,尼禄碎片,19832,67513.33000000003
2024-02-01,800001,5-205,刚体徽章,601972,1308568.2999999998
2024-02-01,800001,3-14302,梅林天命碎片,1475,2859.14
2024-02-01,800001,2-2030401,灵动指环,8604,14135.309999999998
2024-02-01,800001,3-15601,吕布碎片,34300,105778.06000000001
2024-02-01,800001,2-3010500,寒铁法杖,16034,38519.56999999999
2024-02-01,800001,2-30401,见习者布靴,79742,13960.340000000002
2024-02-01,800001,5-609,集中徽章,320,62982.42000000001
2024-02-01,800001,2-1020804,白金铠甲,85,1108.9299999999998
2024-02-01,800001,2-1040403,金刚皮靴,8561,14300.879999999997
2024-02-01,800001,2-3040704,黄金长靴,521,2928.0899999999997
2024-02-01,800001,2-1020603,白银铠甲,1805,7506.87
2024-02-01,800001,2-1040400,金刚皮靴,33788,55897.58000000001
2024-02-01,800001,2-2010606,白银匕首,1764,7805.060000000001
2024-02-01,800001,2-2030702,黄金指环,539,3874.77
2024-02-01,800001,2-1020902,秘银铠甲,90,34284.479999999996
2024-02-01,800001,3-14110,汉尼拔天命碎片,12443,20066.200000000004
2024-02-01,800001,3-4109,卑弥呼碎片,104000,65000.779999999984
2024-02-01,800001,2-2040901,秘银皮靴,76,22492.03
2024-02-01,800001,2-1040906,秘银战靴,69,21582.02
2024-02-01,800001,2-1040905,秘银战靴,70,26229.64
2024-02-01,800001,2-2020801,白金外套,101,1281.3399999999997
2024-02-01,800001,2-3030803,白金项链,102,1173.34
2024-02-01,800001,2-1020903,秘银铠甲,100,46764.049999999996
2024-02-01,800001,2-2020600,白银外套,7173,29874.4
2024-02-01,800001,2-3010803,白金法杖,106,1248.14
2024-02-01,800001,3-14507,[圣诞]伊织萌天命碎片,50254,631927.29
2024-02-01,800001,3-15406,孔明碎片,262056,649130.3900000002
2024-02-01,800001,2-30302,元素项链,73309,37958.71000000001
2024-02-01,800001,2-2040402,灵动皮靴,8549,14560.390000000001
2024-02-01,800001,2-2040805,白金皮靴,93,920.3000000000001
2024-02-01,800001,2-2030505,寒铁指环,4092,10154.75
2024-02-01,800001,2-30101,见习者法杖,79664,13904.119999999997
2024-02-01,800001,2-3020501,寒铁长袍,3993,10005.91
2024-02-01,800001,3-3203,特蕾莎碎片,2127000,333976.13999999996
2024-02-01,800001,3-2401,托勒密碎片,5478900,87261.98999999998
2024-02-01,800001,3-14304,出云阿国天命碎片,164489,267073.05000000005
2024-02-01,800001,2-1020504,寒铁铠甲,4087,9738.289999999999
2024-02-01,800001,2-1010601,白银战斧,1816,7704.19
2024-02-01,800001,2-1020505,寒铁铠甲,3964,9020.839999999997
2024-02-01,800001,2-1040606,白银战靴,1698,5853.499999999999
2024-02-01,800001,2-3020603,白银长袍,1838,8176.520000000001
2024-02-01,800001,3-4201,柳生十兵卫碎片,84000,61096.41
2024-02-01,800001,3-4501,狮心王理查碎片,70500,93345.25
2024-02-01,800001,3-3103,帕里斯碎片,2132100,337760.7799999999
2024-02-01,800001,2-1020900,秘银铠甲,112,20174.31
2024-02-01,800001,2-2030800,白金指环,404,4759.1
2024-02-01,800001,5-605,刚体徽章,355,76903.31000000001
2024-02-01,800001,2-1010406,金刚战锤,8283,13920.45
2024-02-01,800001,2-2020902,秘银外套,70,26062.730000000003
2024-02-01,800001,2-1040500,寒铁皮靴,16030,40200.93
2024-02-01,800001,2-2040702,黄金皮靴,556,3761.1000000000013
2024-02-01,800001,3-3403,猿飞佐助碎片,2128400,340263.7
2024-02-01,800001,2-3040400,精力布靴,33426,55729.399999999994
2024-02-01,800001,3-4204,哥伦布碎片,99900,63306.45
2024-02-01,800001,2-3030406,精力项链,8382,14623.599999999999
2024-02-01,800001,2-1010401,金刚战锤,8506,14033.950000000004
2024-02-01,800001,2-2010400,灵动匕首,33798,58439.69
2024-02-01,800001,2-3010405,精力法杖,8561,14613.140000000005
2024-02-01,800001,2-3010600,白银法杖,7031,28252.089999999997
2024-02-01,800001,2-3020602,白银长袍,1805,7791.69
2024-02-01,800001,2-3020600,白银长袍,7140,27979.120000000003
2024-02-01,800001,2-1030406,金刚护腕,8445,14544.1
2024-02-01,800001,2-1020604,白银铠甲,1762,7688.83
2024-02-01,800001,2-1020702,黄金铠甲,533,3558.07
2024-02-01,800001,3-3102,拉海尔碎片,2144200,331873.6599999999
2024-02-01,800001,2-3020604,白银长袍,1814,6975.200000000001
2024-02-01,800001,2-1040503,寒铁皮靴,3982,9245.779999999999
2024-02-01,800001,5-407,狂气徽章,6888,40301.850000000006
2024-02-01,800001,2-1030501,寒铁护腕,4016,9475.7
2024-02-01,800001,2-20302,消沉指环,73452,37953.63
2024-02-01,800001,2-2010502,寒铁匕首,3944,10208.159999999998
2024-02-01,800001,2-1010604,白银战斧,1819,7705.360000000001
2024-02-01,800001,2-1020401,金刚铠甲,8537,14419.960000000001
2024-02-01,800001,3-4312,荆轲碎片,137000,97907.32999999999
2024-02-01,800001,2-1030506,寒铁护腕,3947,9139.75
2024-02-01,800001,2-2010405,灵动匕首,8367,14333.600000000002
2024-02-01,800001,2-1040501,寒铁皮靴,3945,9375.78
2024-02-01,800001,2-2010703,黄金匕首,548,3872.48
2024-02-01,800001,3-4101,赵云碎片,122600,81210.87000000001
2024-02-01,800001,2-1010403,金刚战锤,8517,14095.66
2024-02-01,800001,3-4203,雷穆斯碎片,103700,77751.91
2024-02-01,800001,2-8011000,瑟银武器,956,155218.28000000006
2024-02-01,800001,2-3010504,寒铁法杖,4012,9683.37
2024-02-01,800001,2-2030705,黄金指环,531,3866.22
2024-02-01,800001,3-15501,亚瑟碎片,77600,179641.75000000006
2024-02-01,800001,2-3030700,黄金项链,2277,14575.98
2024-02-01,800001,5-507,狂气徽章,948,9591.420000000002
2024-02-01,800001,2-8021000,瑟银衣服,912,152905.83
2024-02-01,800001,3-14406,达芬奇天命碎片,111442,116782.48999999996
2024-02-01,800001,2-2040401,灵动皮靴,8352,13378.169999999998
2024-02-01,800001,2-3020906,秘银长袍,65,8027.739999999998
2024-02-01,800001,2-3020502,寒铁长袍,4162,10659.11
2024-02-01,800001,2-3020804,白金长袍,94,1654.4499999999998
2024-02-01,800001,3-4209,甄姬碎片,113500,79478.79999999999
2024-02-01,800001,2-2020706,黄金外套,532,3917.5299999999997
2024-02-01,800001,2-3030500,寒铁项链,16240,40039.65
2024-02-01,800001,2-2020803,白金外套,102,1378.3700000000003
2024-02-01,800001,2-3040401,精力布靴,8432,14048.24
2024-02-01,800001,2-3010702,黄金法杖,520,3240.3099999999995
2024-02-01,800001,2-1020705,黄金铠甲,547,3342.51
2024-02-01,800001,2-2020906,秘银外套,55,16486.76
2024-02-01,800001,2-2020503,寒铁外套,4059,10464.189999999997
2024-02-01,800001,2-2040905,秘银皮靴,54,15796.350000000002
2024-02-01,800001,2-3010603,白银法杖,1785,6989.35
2024-02-01,800001,2-1040801,白金战靴,91,1311.43
2024-02-01,800001,2-3010601,白银法杖,1726,7565.540000000001
2024-02-01,800001,3-14503,索尔天命碎片,1308,5489.290000000001
2024-02-01,800001,2-2010904,秘银匕首,103,31906.470000000005
2024-02-01,800001,2-2020500,寒铁外套,16219,38986.36
2024-02-01,800001,2-2030503,寒铁指环,4019,10660.430000000002
2024-02-01,800001,2-3040405,精力布靴,8390,13479.789999999995
2024-02-01,800001,2-3010602,白银法杖,1766,6864.890000000002
2024-02-01,800001,2-2010605,白银匕首,1837,7548.450000000001
2024-02-01,800001,3-15206,上杉谦信碎片,22765,62282.64
2024-02-01,800001,2-3020701,黄金长袍,581,4188.969999999999
2024-02-01,800001,3-15107,美杜莎碎片,9068,18197.709999999995
2024-02-01,800001,2-2020806,白金外套,103,1354.17
2024-02-01,800001,2-2040904,秘银皮靴,64,22704.149999999998
2024-02-01,800001,2-2010500,寒铁匕首,16123,39594.329999999994
2024-02-01,800001,2-3040905,秘银长靴,63,14510.529999999995
2024-02-01,800001,2-1020704,黄金铠甲,587,3827.37
2024-02-01,800001,2-1010804,白金战锤,88,771.5699999999999
2024-02-01,800001,3-15307,服部半藏碎片,8766,14003.38
2024-02-01,800001,2-1020905,秘银铠甲,79,21951.219999999998
2024-02-01,800001,3-4111,孟德尔碎片,86200,55791.46000000001
2024-02-01,800001,2-2030404,灵动指环,8347,13268.97
2024-02-01,800001,2-2040705,黄金皮靴,566,3561.86
2024-02-01,800001,2-1040603,白银战靴,1874,7894.8899999999985
2024-02-01,800001,2-2030501,寒铁指环,4089,10627.060000000001
2024-02-01,800001,2-1030900,秘银护腕,142,22623.399999999998
2024-02-01,800001,2-2020900,秘银外套,161,19110.929999999997
2024-02-01,800001,3-14111,孟德尔天命碎片,1897,3125.4900000000002
2024-02-01,800001,2-1020406,金刚铠甲,8479,14696.589999999998
2024-02-01,800001,2-2010700,黄金匕首,2239,14684.970000000001
2024-02-01,800001,3-4208,摩根娜碎片,90100,66443.78
2024-02-01,800001,2-1040504,寒铁皮靴,3936,9476.859999999997
2024-02-01,800001,2-2030905,秘银指环,50,8001.54
2024-02-01,800001,2-2010705,黄金匕首,502,3033.21
2024-02-01,800001,5-204,勇气徽章,601261,1309192.7199999997
2024-02-01,800001,2-2010800,白金匕首,369,4640.290000000001
2024-02-01,800001,3-9999,光暗万能碎片,9796,22015.89
2024-02-01,800001,2-2040604,白银皮靴,1817,7888.48
2024-02-01,800001,2-2020901,秘银外套,77,31792.470000000005
2024-02-01,800001,5-304,勇气徽章,83430,303363.35
2024-02-01,800001,2-1030700,黄金护腕,2160,14075.72
2024-02-01,800001,5-410,灵动徽章,6947,37247.9
2024-02-01,800001,3-15309,阿市碎片,8261,11822.369999999999
2024-02-01,800001,3-14213,叶卡捷琳娜天命碎片,16147,26589.59
2024-02-01,800001,2-3020606,白银长袍,1773,7979.830000000001
2024-02-01,800001,3-4202,海伦碎片,128000,107865.13
2024-02-01,800001,2-1030606,白银护腕,1803,6889.019999999999
2024-02-01,800001,2-1010700,黄金战锤,2148,13227.77
2024-02-01,800001,5-608,不屈徽章,353,67205.92999999998
2024-02-01,800001,2-1040701,黄金战靴,558,3796.380000000001
2024-02-01,800001,3-15305,武田信玄碎片,10410,17249.940000000006
2024-02-01,800001,2-1010506,寒铁战斧,3963,9989.889999999998
2024-02-01,800001,2-2040706,黄金皮靴,593,4103.200000000001
2024-02-01,800001,2-2040704,黄金皮靴,572,3360.51
2024-02-01,800001,2-2030601,白银指环,1724,6818.030000000001
2024-02-01,800001,2-2040804,白金皮靴,99,1201.6599999999996
2024-02-01,800001,2-2030903,秘银指环,71,23862.350000000002
2024-02-01,800001,3-14309,本多忠胜天命碎片,41813,53315.919999999984
2024-02-01,800001,2-3010806,白金法杖,118,1977.22
2024-02-01,800001,3-4207,阿尔忒弥斯碎片,95500,67326.47000000002
2024-02-01,800001,3-14101,赵云天命碎片,43201,64721.10000000001
2024-02-01,800001,2-1020803,白金铠甲,106,1190.0100000000002
2024-02-01,800001,2-2030804,白金指环,90,944.6800000000001
2024-02-01,800001,2-1010704,黄金战锤,538,3315.8799999999997
2024-02-01,800001,2-1040406,金刚皮靴,8492,15124.620000000003
2024-02-01,800001,2-1030903,秘银护腕,68,25913.49
2024-02-01,800001,2-3030703,黄金项链,568,4051.6499999999996
2024-02-01,800001,2-2040900,秘银皮靴,177,29322.299999999996
2024-02-01,800001,3-3302,于吉碎片,2114700,334584.6699999999
2024-02-01,800001,2-3030901,秘银项链,58,16545.92
2024-02-01,800001,2-2040801,白金皮靴,96,1079.09
2024-02-01,800001,2-3010904,秘银法杖,84,19035.500000000004
2024-02-01,800001,2-2010706,黄金匕首,544,3896.4300000000003
2024-02-01,800001,2-2040802,白金皮靴,89,1205.1400000000003
2024-02-01,800001,2-1020403,金刚铠甲,8444,14121.279999999999
2024-02-01,800001,2-3010805,白金法杖,108,1358.4999999999998
2024-02-01,800001,2-1010900,秘银战锤,163,44743.31999999999
2024-02-01,800001,2-1010802,白金战锤,107,1168.5200000000002
2024-02-01,800001,2-2030902,秘银指环,74,18195.010000000002
2024-02-01,800001,3-15404,查理曼碎片,14698,20386.82
2024-02-01,800001,2-2010806,白金匕首,100,1223.38
2024-02-01,800001,2-1030802,白金护腕,113,1209.76
2024-02-01,800001,3-14206,罗慕路斯天命碎片,774,1924.37
2024-02-01,800001,2-3020801,白金长袍,97,1685.1799999999998
2024-02-01,800001,5-206,生命徽章,601174,1305588.0199999998
2024-02-01,800001,2-2020805,白金外套,73,786.59
2024-02-01,800001,3-4405,黄忠碎片,119700,104368.27000000002
2024-02-01,800001,3-15308,张飞碎片,53837,144512.19999999995
2024-02-01,800001,2-3020700,黄金长袍,2243,14836.930000000002
2024-02-01,800001,2-1010701,黄金战锤,572,4060.5699999999997
2024-02-01,800001,2-3030505,寒铁项链,4046,10776.890000000001
2024-02-01,800001,3-4103,德川家康碎片,124800,88836.24
2024-02-01,800001,2-3010406,精力法杖,8408,13672.23
2024-02-01,800001,2-2010503,寒铁匕首,3962,9542.270000000002
2024-02-01,800001,2-1020806,白金铠甲,87,1929.9699999999998
2024-02-01,800001,2-3010402,精力法杖,8447,14240.83
2024-02-01,800001,3-15401,enako碎片,2642,3646.7000000000007
2024-02-01,800001,2-2020704,黄金外套,578,4293.380000000002
2024-02-01,800001,2-1030702,黄金护腕,569,3521.6200000000003
2024-02-01,800001,2-1030503,寒铁护腕,4045,9826.45
2024-02-01,800001,2-2020800,白金外套,392,5335.4299999999985
2024-02-01,800001,2-3030600,白银项链,7191,30143.300000000003
2024-02-01,800001,2-2030704,黄金指环,564,3524.41
2024-02-01,800001,2-1010402,金刚战锤,8499,14148.429999999998
2024-02-01,800001,3-4302,梅林碎片,87800,58944.920000000006
2024-02-01,800001,2-10101,新兵战斧,79203,13963.609999999995
2024-02-01,800001,2-3010801,白金法杖,90,976.7300000000001
2024-02-01,800001,2-10403,力量皮靴,91679,92101.11
2024-02-01,800001,2-2010902,秘银匕首,96,33366.43000000001
2024-02-01,800001,2-10402,忍耐皮靴,73428,38685.149999999994
2024-02-01,800001,2-2040403,灵动皮靴,8315,13576.049999999997
2024-02-01,800001,3-3301,孙尚香碎片,2156600,339418.39
2024-02-01,800001,2-1010805,白金战锤,109,1640.36
2024-02-01,800001,2-3010401,精力法杖,8280,13339.589999999998
2024-02-01,800001,2-3040902,秘银长靴,78,13282.480000000001
2024-02-01,800001,2-2040505,寒铁长靴,4046,9699.13
2024-02-01,800001,2-3010604,白银法杖,1764,7039.240000000002
2024-02-01,800001,2-2010601,白银匕首,1841,7743.190000000002
2024-02-01,800001,3-14601,司马懿天命碎片,39298,455566.06999999995
2024-02-01,800001,3-4210,达尔文碎片,91100,70222.55
2024-02-01,800001,3-1460101,司马懿元素体碎片,62600,825248.4499999998
2024-02-01,800001,5-503,疾风徽章,878,7693.990000000001
2024-02-01,800001,2-1010500,寒铁战斧,16171,40176.45
2024-02-01,800001,2-3040601,白银长靴,1756,7264.500000000001
2024-02-01,800001,2-3040603,白银长靴,1774,7816.059999999999
2024-02-01,800001,2-1030404,金刚护腕,8454,14002.749999999996
2024-02-01,800001,3-4107,太史慈碎片,101700,78034.85
2024-02-01,800001,2-3020506,寒铁长袍,3998,9810.42
2024-02-01,800001,2-30103,思惑法杖,91621,92489.95000000004
2024-02-01,800001,3-4105,玉藻前碎片,113800,104430.10000000002
2024-02-01,800001,2-2030402,灵动指环,8598,14495.789999999997
2024-02-01,800001,2-3040701,黄金长靴,540,3234.8199999999993
2024-02-01,800001,2-2040902,秘银皮靴,77,22921.24
2024-02-01,800001,2-2020402,灵动外套,8446,14166.359999999999
2024-02-01,800001,2-3010501,寒铁法杖,3914,10488.039999999999
2024-02-01,800001,3-15201,妲己碎片,10715,15134.420000000004
2024-02-01,800001,2-1010905,秘银战锤,95,30790.83
2024-02-01,800001,3-4404,华佗碎片,134000,144740.49
2024-02-01,800001,2-1010502,寒铁战斧,3965,9373.9
2024-02-01,800001,2-2040602,白银皮靴,1814,7492.65
2024-02-01,800001,2-10102,忍耐战斧,73093,38291.08000000001
2024-02-01,800001,2-3030806,白金项链,90,707.2299999999999
2024-02-01,800001,3-15408,最上义光碎片,99211,206435.03
2024-02-01,800001,2-3010703,黄金法杖,558,4063.0600000000004
2024-02-01,800001,2-3040402,精力布靴,8442,14437.840000000002
2024-02-01,800001,2-3010701,黄金法杖,599,3405.6599999999994
2024-02-01,800001,2-2030803,白金指环,101,953.7500000000001
2024-02-01,800001,2-9011000,振金武器,369,124172.66
2024-02-01,800001,3-4104,许褚碎片,94200,68728.7
2024-02-01,800001,3-15409,薛定谔碎片,22622,94219.06000000003
2024-02-01,800001,2-1030403,金刚护腕,8280,13281.389999999998
2024-02-01,800001,3-1550201,所罗门元素体碎片,200,104.84
2024-02-01,800001,2-3020902,秘银长袍,63,15148.68
2024-02-01,800001,5-509,集中徽章,990,9998.26
2024-02-01,800001,2-1040800,白金战靴,420,3683.38
2024-02-01,800001,3-4212,宁宁碎片,91600,65432.13999999999
2024-02-01,800001,2-3030601,白银项链,1755,7066.540000000001
2024-02-01,800001,3-14202,海伦天命碎片,106318,176511.65
2024-02-01,800001,2-2010804,白金匕首,82,1103.4600000000003
2024-02-01,800001,3-4411,堂吉诃德碎片,111600,80489.29
2024-02-01,800001,2-2020705,黄金外套,542,3155.1699999999996
2024-02-01,800001,3-14409,罗宾汉天命碎片,18868,28914.739999999998
2024-02-01,800001,2-1020801,白金铠甲,94,1247.94
2024-02-01,800001,3-102,红色品质徽章随机碎片,33931,206314.27
2024-02-01,800001,2-1040900,秘银战靴,164,31179.600000000002
2024-02-01,800001,2-20303,理性指环,91756,91822.69999999998
2024-02-01,800001,3-14411,堂吉诃德天命碎片,4771,7339.070000000001
2024-02-01,800001,5-409,集中徽章,6865,37277.159999999996
2024-02-01,800001,2-3030404,精力项链,8435,14890.569999999998
2024-02-01,800001,2-2030901,秘银指环,54,21029.779999999995
2024-02-01,800001,2-2030701,黄金指环,541,3477.2900000000004
2024-02-01,800001,5-610,灵动徽章,359,63868.479999999996
2024-02-01,800001,2-2030500,寒铁指环,16148,41212.47
2024-02-01,800001,2-1030803,白金护腕,79,741.5400000000001
2024-02-01,800001,2-3010802,白金法杖,94,1764.6399999999999
2024-02-01,800001,2-3010901,秘银法杖,75,17491.46
2024-02-01,800001,2-3030706,黄金项链,542,3520.5099999999998
2024-02-01,800001,2-1010901,秘银战锤,112,42403.479999999996
2024-02-01,800001,2-1010400,金刚战锤,34173,58357.87
2024-02-01,800001,2-3030900,秘银项链,152,32001.490000000005
2024-02-01,800001,2-3040503,寒铁布靴,4071,10008.08
2024-02-01,800001,3-14307,米开朗基罗天命碎片,4852,7475.369999999999
2024-02-01,800001,2-3040504,寒铁布靴,3991,10447.43
2024-02-01,800001,2-2010600,白银匕首,7013,28163.29
2024-02-01,800001,2-3010503,寒铁法杖,4009,10392.490000000002
2024-02-01,800001,3-1460201,但丁元素体碎片,1400,2888.6600000000003
2024-02-01,800001,2-1040506,寒铁皮靴,4063,10484.1
2024-02-01,800001,2-2020905,秘银外套,48,11541.39
2024-02-01,800001,2-1030504,寒铁护腕,4173,10333.340000000002
2024-02-01,800001,2-1040803,白金战靴,86,786.9699999999999
2024-02-01,800001,2-1020701,黄金铠甲,563,3837.3499999999995
2024-02-01,800001,2-2040406,灵动皮靴,8350,13728.210000000001
2024-02-01,800001,2-3010403,精力法杖,8399,13614.130000000003
2024-02-01,800001,2-2030400,灵动指环,33548,56618.1
2024-02-01,800001,2-3010506,寒铁法杖,4053,9123.25
2024-02-01,800001,2-3020405,精力长袍,8414,14348.980000000001
2024-02-01,800001,2-3010704,黄金法杖,564,3582.0799999999995
2024-02-01,800001,2-2010501,寒铁匕首,4037,10226.73
2024-02-01,800001,2-2040504,寒铁长靴,4029,10302.080000000004
2024-02-01,800001,2-2020606,白银外套,1790,7208.27
2024-02-01,800001,2-2020703,黄金外套,562,3433.5599999999995
2024-02-01,800001,3-3303,风魔小太郎碎片,2129600,333197.88
2024-02-01,800001,2-2030506,寒铁指环,4057,9939.810000000001
2024-02-01,800001,2-3030401,精力项链,8497,14148.680000000002
2024-02-01,800001,3-4308,兰斯洛特碎片,95900,63339.09000000001
2024-02-01,800001,2-2030900,秘银指环,151,28184.739999999998
2024-02-01,800001,3-4303,拿破仑碎片,110700,83435.36
2024-02-01,800001,2-2010506,寒铁匕首,3983,9709.55
2024-02-01,800001,2-2010404,灵动匕首,8446,13794.46
2024-02-01,800001,2-3040805,白金长靴,99,1238.4399999999998
2024-02-01,800001,2-2020401,灵动外套,8319,13791.649999999998
2024-02-01,800001,2-1040806,白金战靴,74,914.5600000000002
2024-02-01,800001,2-2020604,白银外套,1701,7060.740000000001
2024-02-01,800001,2-1020501,寒铁铠甲,4097,9763.79
2024-02-01,800001,3-4502,大乔&小乔碎片,56600,273619.1899999999
2024-02-01,800001,2-1020906,秘银铠甲,68,25417.660000000003
2024-02-01,800001,2-1030800,白金护腕,367,5257.09
2024-02-01,800001,2-2040800,白金皮靴,390,3288.6200000000003
2024-02-01,800001,2-2010604,白银匕首,1771,7181.1900000000005
2024-02-01,800001,3-14103,德川家康天命碎片,109906,195373.98000000007
2024-02-01,800001,2-3020900,秘银长袍,173,26411.21
2024-02-01,800001,2-3040901,秘银长靴,59,7325.429999999999
2024-02-01,800001,2-2020603,白银外套,1743,7245.31
2024-02-01,800001,2-3020805,白金长袍,82,1309.58
2024-02-01,800001,2-2010603,白银匕首,1705,7025.34
2024-02-01,800001,2-1040703,黄金战靴,504,2934.1299999999997
2024-02-01,800001,3-4406,达芬奇碎片,114400,155914.15000000002
2024-02-01,800001,2-3020806,白金长袍,106,1428.33
2024-02-01,800001,2-2030805,白金指环,88,1084.36
2024-02-01,800001,2-3030605,白银项链,1706,6875.369999999998
2024-02-01,800001,2-2020504,寒铁外套,4060,11154.09
2024-02-01,800001,2-2010406,灵动匕首,8490,13517.9
2024-02-01,800001,2-2010803,白金匕首,89,1610.7700000000002
2024-02-01,800001,2-3040702,黄金长靴,554,4257.12
2024-02-01,800001,5-510,灵动徽章,1033,9504.900000000001
2024-02-01,800001,2-1010600,白银战斧,7073,28896.870000000003
2024-02-01,800001,2-10203,力量铠甲,91731,91223.19000000003
2024-02-01,800001,2-3030906,秘银项链,63,10364.85
2024-02-01,800001,2-3010900,秘银法杖,144,32501.21
2024-02-01,800001,3-4407,武藏坊弁庆碎片,94900,72674.27
2024-02-01,800001,2-2020700,黄金外套,2227,14106.45
2024-02-01,800001,2-2020804,白金外套,106,1027.3
2024-02-01,800001,2-2040605,白银皮靴,1773,7246.820000000001
2024-02-01,800001,3-15205,美狄亚碎片,82117,185260.59000000005
2024-02-01,800001,2-3040904,秘银长靴,50,5421.659999999999
2024-02-01,800001,2-3010906,秘银法杖,69,13140.45
2024-02-01,800001,2-2030706,黄金指环,565,3846.5099999999993
2024-02-01,800001,2-3040906,秘银长靴,61,9006.65
2024-02-01,800001,3-4211,望月千代女碎片,137800,93951.87
2024-02-01,800001,2-2030801,白金指环,101,1309.42
2024-02-01,800001,2-1020901,秘银铠甲,92,39324.939999999995
2024-02-01,800001,2-3030503,寒铁项链,4052,10121.79
2024-02-01,800001,2-2010704,黄金匕首,568,3447.770000000001
2024-02-01,800001,3-15106,赛特碎片,6700,15142.630000000003
2024-02-01,800001,2-2020802,白金外套,91,1353.4699999999996
2024-02-01,800001,3-15310,麦哲伦碎片,65780,747101.8999999999
2024-02-01,800001,3-1450101,理查元素体碎片,8100,16824.86
2024-02-01,800001,2-1020800,白金铠甲,380,4466.97
2024-02-01,800001,2-1040901,秘银战靴,86,33014.89
2024-02-01,800001,2-3030902,秘银项链,71,10918.14
2024-02-01,800001,3-14602,但丁天命碎片,18310,56193.49999999999
2024-02-01,800001,2-2030403,灵动指环,8519,14268.900000000001
2024-02-01,800001,2-2010905,秘银匕首,71,25725.76
2024-02-01,800001,3-4301,源义经碎片,90400,65085.16999999999
2024-02-01,800001,2-3040806,白金长靴,81,798.1699999999998
2024-02-01,800001,2-1010903,秘银战锤,105,38613.619999999995
2024-02-01,800001,3-14211,望月千代女天命碎片,7100,13010.28
2024-02-01,800001,2-1040804,白金战靴,88,1158.63
2024-02-01,800001,2-30203,思惑长袍,91674,91674.14
2024-02-01,800001,2-3040803,白金长靴,101,1021.5399999999998
2024-02-01,800001,3-300,SR随机碎片,3909185,94176.41999999998
2024-02-01,800001,2-3020400,精力长袍,33615,55577.25000000001
2024-02-01,800001,3-3402,安徒生碎片,2147300,355564.47
2024-02-01,800001,2-20401,初心者皮靴,79503,13896.709999999994
2024-02-01,800001,2-3030405,精力项链,8332,13433.169999999996
2024-02-01,800001,2-1020502,寒铁铠甲,3941,9802.35
2024-02-01,800001,5-408,不屈徽章,6603,38288.60999999999
2024-02-01,800001,2-3030402,精力项链,8403,14066.669999999998
2024-02-01,800001,2-2010505,寒铁匕首,4155,9920.03
2024-02-01,800001,3-4408,屋大维碎片,143500,291328.99
2024-02-01,800001,3-4409,罗宾汉碎片,109500,106278.49999999999
2024-02-01,800001,2-3040700,黄金长靴,2207,14883.760000000002
2024-02-01,800001,2-2020904,秘银外套,75,19269.03
2024-02-01,800001,2-1020602,白银铠甲,1760,7929.24
2024-02-01,800001,2-1010706,黄金战锤,543,3810.380000000001
2024-02-01,800001,2-3040501,寒铁布靴,4084,9473.179999999998
2024-02-01,800001,2-3040605,白银长靴,1711,6853.259999999999
2024-02-01,800001,2-1030906,秘银护腕,53,22858.250000000004
2024-02-01,800001,2-1020703,黄金铠甲,566,3763.89
2024-02-01,800001,3-4213,叶卡捷琳娜碎片,103100,80251.29
2024-02-01,800001,2-1040704,黄金战靴,539,3162.77
2024-02-01,800001,2-1030703,黄金护腕,515,3255.65
2024-02-01,800001,2-1030706,黄金护腕,554,3143.729999999999
2024-02-01,800001,2-1030905,秘银护腕,72,22889.42
2024-02-01,800001,2-3040802,白金长靴,104,1860.9700000000005
2024-02-01,800001,3-1450701,[圣诞]伊织萌元素体碎片,75620,1145284.05
2024-02-01,800001,3-2301,阿格里帕碎片,5517000,86429.08
2024-02-01,800001,3-101,红色品质装备随机碎片,87506,266056.04000000004
2024-02-01,800001,5-404,勇气徽章,7243,42572.67
2024-02-01,800001,2-1040600,白银战靴,7144,31561.09
2024-02-01,800001,2-2030405,灵动指环,8604,13847.519999999999
2024-02-01,800001,2-1010505,寒铁战斧,3978,9673.45
2024-02-01,800001,2-3040506,寒铁布靴,4044,10082.72
2024-02-01,800001,2-1040605,白银战靴,1829,7660.6500000000015
2024-02-01,800001,2-1020405,金刚铠甲,8485,14411.62
2024-02-01,800001,2-1030601,白银护腕,1749,7657.93
2024-02-01,800001,2-2040600,白银皮靴,7106,29080.820000000007
2024-02-01,800001,3-15407,凯撒碎片,97437,537225.0400000003
2024-02-01,800001,3-4403,莫扎特碎片,99500,83141.79
2024-02-01,800002,2-3030503,寒铁项链,6515,16646.61
2024-02-01,800002,2-1020602,白银铠甲,2791,12527.380000000001
2024-02-01,800002,3-15103,莫比乌斯碎片,129838,189975.51000000004
2024-02-01,800002,3-2402,拉比努斯碎片,9598000,165266.6699999999
2024-02-01,800002,3-1550101,亚瑟元素体碎片,9200,16200.089999999997
2024-02-01,800002,2-2010802,白金匕首,169,2479.77
2024-02-01,800002,2-3010606,白银法杖,2928,12514.320000000002
2024-02-01,800002,2-2030804,白金指环,139,1733.11
2024-02-01,800002,2-1020803,白金铠甲,157,1379.9999999999998
2024-02-01,800002,2-2020803,白金外套,172,1792.1600000000003
2024-02-01,800002,2-1030901,秘银护腕,129,47579.58
2024-02-01,800002,3-14602,但丁天命碎片,29461,91387.92999999998
2024-02-01,800002,2-1020801,白金铠甲,153,2478.7899999999995
2024-02-01,800002,2-3010806,白金法杖,164,1632.3600000000004
2024-02-01,800002,2-2030703,黄金指环,885,7015.190000000001
2024-02-01,800002,2-3030404,精力项链,14025,23133.2
2024-02-01,800002,2-3030506,寒铁项链,6651,15676.820000000002
2024-02-01,800002,2-3020803,白金长袍,136,1221.21
2024-02-01,800002,2-3010400,精力法杖,55906,94721.26000000001
2024-02-01,800002,3-15405,莫德雷德碎片,4162,10453.700000000003
2024-02-01,800002,2-2040501,寒铁长靴,6649,16778.390000000007
2024-02-01,800002,3-14604,伊达政宗天命碎片,140,68.02
2024-02-01,800002,2-2030404,灵动指环,14013,23353.14
2024-02-01,800002,2-20301,初心者指环,132712,23544.769999999968
2024-02-01,800002,2-3010401,精力法杖,13957,24135.839999999997
2024-02-01,800002,3-3101,贾诩碎片,3753100,624562.7199999999
2024-02-01,800002,2-2010803,白金匕首,146,1724.9000000000003
2024-02-01,800002,2-20402,消沉皮靴,122368,63780.750000000015
2024-02-01,800002,2-30101,见习者法杖,133314,23402.299999999963
2024-02-01,800002,3-3202,笛卡尔碎片,3753600,630282.2000000001
2024-02-01,800002,2-1040503,寒铁皮靴,6773,18027.920000000002
2024-02-01,800002,2-10101,新兵战斧,133041,23517.74999999997
2024-02-01,800002,2-2030406,灵动指环,13993,23247.33
2024-02-01,800002,3-102,红色品质徽章随机碎片,60255,419295.52999999985
2024-02-01,800002,2-2040900,秘银皮靴,251,49026.72999999999
2024-02-01,800002,2-20102,消沉匕首,122598,65281.009999999995
2024-02-01,800002,5-405,刚体徽章,11324,70721.62
2024-02-01,800002,3-4502,大乔&小乔碎片,112100,682143.4800000002
2024-02-01,800002,2-1030806,白金护腕,123,2023.8400000000001
2024-02-01,800002,2-2020700,黄金外套,3624,25168.13
2024-02-01,800002,2-10102,忍耐战斧,122979,64573.720000000016
2024-02-01,800002,2-2020400,灵动外套,55564,93258.09
2024-02-01,800002,2-2040805,白金皮靴,193,2774.0600000000004
2024-02-01,800002,3-15309,阿市碎片,12378,15149.599999999999
2024-02-01,800002,2-3010503,寒铁法杖,6559,17083.149999999998
2024-02-01,800002,2-2020500,寒铁外套,26409,67310.04
2024-02-01,800002,2-1040506,寒铁皮靴,6543,16788.23
2024-02-01,800002,2-3040601,白银长靴,2951,13209.39
2024-02-01,800002,5-306,生命徽章,131493,502789.4400000001
2024-02-01,800002,2-2030400,灵动指环,55562,93560.99
2024-02-01,800002,3-14101,赵云天命碎片,74752,110676.80999999998
2024-02-01,800002,2-1040500,寒铁皮靴,26216,66683.28
2024-02-01,800002,2-3040604,白银长靴,2824,12588.15
2024-02-01,800002,2-10303,力量护腕,151455,153723.67000000007
2024-02-01,800002,2-3020403,精力长袍,13918,23385.91
2024-02-01,800002,2-1030602,白银护腕,3011,12866.7
2024-02-01,800002,2-1030801,白金护腕,150,1705.0500000000004
2024-02-01,800002,2-20202,消沉外套,122388,63906.009999999995
2024-02-01,800002,2-1020604,白银铠甲,2906,12087.200000000003
2024-02-01,800002,2-1010401,金刚战锤,13886,23318.690000000006
2024-02-01,800002,2-1020800,白金铠甲,614,8603.140000000001
2024-02-01,800002,3-4105,玉藻前碎片,194700,151855.60000000003
2024-02-01,800002,2-1010503,寒铁战斧,6645,16704.37
2024-02-01,800002,2-3040404,精力布靴,14009,23267.25
2024-02-01,800002,2-2030706,黄金指环,930,6338.099999999999
2024-02-01,800002,2-1040403,金刚皮靴,13789,22610.950000000004
2024-02-01,800002,2-2020806,白金外套,180,2440.8600000000006
2024-02-01,800002,2-1020500,寒铁铠甲,26297,67587.89000000001
2024-02-01,800002,2-2030506,寒铁指环,6534,17175.91
2024-02-01,800002,2-3040503,寒铁布靴,6540,16396.89
2024-02-01,800002,2-3010801,白金法杖,179,2327.88
2024-02-01,800002,2-3010906,秘银法杖,93,25876.59
2024-02-01,800002,2-3010605,白银法杖,2932,12003.99
2024-02-01,800002,2-2020705,黄金外套,926,6311.400000000001
2024-02-01,800002,2-1020802,白金铠甲,145,1871.7300000000002
2024-02-01,800002,2-3040504,寒铁布靴,6786,17709.01
2024-02-01,800002,2-1020703,黄金铠甲,887,5551.169999999999
2024-02-01,800002,5-507,狂气徽章,1620,15979.399999999998
2024-02-01,800002,2-2040906,秘银皮靴,93,22342.159999999996
2024-02-01,800002,3-15207,维纳斯碎片,12943,21646.95
2024-02-01,800002,2-1030903,秘银护腕,128,47847.42
2024-02-01,800002,2-1020702,黄金铠甲,928,5560.0199999999995
2024-02-01,800002,2-3040806,白金长靴,155,1820.7299999999998
2024-02-01,800002,2-1020502,寒铁铠甲,6536,16563.709999999995
2024-02-01,800002,2-3010506,寒铁法杖,6499,16494.670000000006
2024-02-01,800002,2-2040705,黄金皮靴,915,5677.900000000001
2024-02-01,800002,2-1040701,黄金战靴,897,5749.89
2024-02-01,800002,3-4203,雷穆斯碎片,188700,165328.03999999995
2024-02-01,800002,2-1010601,白银战斧,2841,11851.189999999997
2024-02-01,800002,3-3302,于吉碎片,3738400,622632.2000000001
2024-02-01,800002,2-2030806,白金指环,130,2010.0899999999997
2024-02-01,800002,2-3030402,精力项链,13886,23751.610000000004
2024-02-01,800002,3-4409,罗宾汉碎片,193300,189942.63999999998
2024-02-01,800002,3-14304,出云阿国天命碎片,252180,418796.1700000001
2024-02-01,800002,2-2030802,白金指环,139,1739.49
2024-02-01,800002,2-3010501,寒铁法杖,6604,16465.22
2024-02-01,800002,2-2030505,寒铁指环,6690,15362.69
2024-02-01,800002,2-30203,思惑长袍,151387,154868.54999999996
2024-02-01,800002,2-2010801,白金匕首,163,2473.47
2024-02-01,800002,2-1010602,白银战斧,2912,11834.949999999999
2024-02-01,800002,3-14406,达芬奇天命碎片,166488,201692.73999999996
2024-02-01,800002,2-3010505,寒铁法杖,6705,17496.350000000002
2024-02-01,800002,3-14502,大乔&小乔天命碎片,69699,798485.9399999992
2024-02-01,800002,3-1460201,但丁元素体碎片,1728,1620.53
2024-02-01,800002,2-1010604,白银战斧,2852,12467.710000000001
2024-02-01,800002,2-1020400,金刚铠甲,55407,95034.18999999999
2024-02-01,800002,2-3010706,黄金法杖,912,6916.12
2024-02-01,800002,2-2030603,白银指环,2867,12558.679999999998
2024-02-01,800002,2-2020702,黄金外套,990,6523.579999999999
2024-02-01,800002,2-3040900,秘银长靴,256,46261.770000000004
2024-02-01,800002,2-20303,理性指环,151385,154513.89999999997
2024-02-01,800002,2-1030502,寒铁护腕,6724,17177.309999999998
2024-02-01,800002,2-3040700,黄金长靴,3698,25819.37
2024-02-01,800002,2-1020401,金刚铠甲,13887,24187.12999999999
2024-02-01,800002,2-20302,消沉指环,122717,64067.83999999998
2024-02-01,800002,2-2030801,白金指环,159,1435.52
2024-02-01,800002,2-1040606,白银战靴,2858,12089.699999999999
2024-02-01,800002,2-1030504,寒铁护腕,6609,16910.899999999998
2024-02-01,800002,2-2010503,寒铁匕首,6726,16662.539999999997
2024-02-01,800002,2-1040903,秘银战靴,145,60422.08000000001
2024-02-01,800002,5-510,灵动徽章,1560,15416.800000000001
2024-02-01,800002,2-1010405,金刚战锤,13999,24172.030000000002
2024-02-01,800002,2-1010506,寒铁战斧,6599,16260.559999999998
2024-02-01,800002,2-2020701,黄金外套,918,6580.990000000001
2024-02-01,800002,3-14312,荆轲天命碎片,15664,20897.719999999998
2024-02-01,800002,2-2010402,灵动匕首,13840,23291.609999999993
2024-02-01,800002,3-14209,甄姬天命碎片,170123,253839.88999999998
2024-02-01,800002,2-2040604,白银皮靴,2837,11554.03
2024-02-01,800002,2-1030906,秘银护腕,111,31446.14
2024-02-01,800002,2-2030903,秘银指环,113,29186.38
2024-02-01,800002,2-1020603,白银铠甲,2914,12006.97
2024-02-01,800002,2-3010904,秘银法杖,106,25546.68
2024-02-01,800002,2-3030702,黄金项链,921,5890.87
2024-02-01,800002,2-3040602,白银长靴,2934,12734.28
2024-02-01,800002,5-506,生命徽章,1912,20925.880000000005
2024-02-01,800002,5-304,勇气徽章,130690,503244.4299999998
2024-02-01,800002,3-14302,梅林天命碎片,2678,4955.559999999999
2024-02-01,800002,2-2040504,寒铁长靴,6517,16921.370000000003
2024-02-01,800002,2-2010601,白银匕首,2928,12189.069999999998
2024-02-01,800002,2-30302,元素项链,122764,64037.08999999999
2024-02-01,800002,2-3020804,白金长袍,140,1849.6
2024-02-01,800002,5-508,不屈徽章,1565,15509.43
2024-02-01,800002,2-3020501,寒铁长袍,6603,17242.930000000004
2024-02-01,800002,2-2010905,秘银匕首,88,23657.030000000002
2024-02-01,800002,2-1010404,金刚战锤,13860,23793.96
2024-02-01,800002,2-2040601,白银皮靴,2839,12059.019999999997
2024-02-01,800002,3-4104,许褚碎片,171300,134798.25000000003
2024-02-01,800002,2-20203,理性外套,151537,154140.89
2024-02-01,800002,2-2040602,白银皮靴,2971,12230.619999999999
2024-02-01,800002,2-3030800,白金项链,633,7112.320000000001
2024-02-01,800002,5-503,疾风徽章,1304,12481.329999999998
2024-02-01,800002,2-3030900,秘银项链,254,59624.38
2024-02-01,800002,2-2040600,白银皮靴,11651,49568.990000000005
2024-02-01,800002,3-15302,潘多拉碎片,264902,632811.3700000002
2024-02-01,800002,2-1020706,黄金铠甲,873,5904.97
2024-02-01,800002,2-2030501,寒铁指环,6531,16450.610000000004
2024-02-01,800002,2-3010902,秘银法杖,104,26220.93
2024-02-01,800002,3-15410,巴巴托斯碎片,11949,79881.56
2024-02-01,800002,3-4601,司马懿碎片,116300,609439.4299999999
2024-02-01,800002,2-3040803,白金长靴,146,1841.3299999999997
2024-02-01,800002,3-9999,光暗万能碎片,12830,35211.71
2024-02-01,800002,2-1040804,白金战靴,159,1948.36
2024-02-01,800002,3-14309,本多忠胜天命碎片,67378,122320.49
2024-02-01,800002,2-1020902,秘银铠甲,151,75232.72
2024-02-01,800002,2-3010502,寒铁法杖,6528,16785.680000000004
2024-02-01,800002,2-30301,见习者项链,132787,23499.319999999952
2024-02-01,800002,3-4406,达芬奇碎片,189700,276558.55
2024-02-01,800002,2-2040903,秘银皮靴,94,38669.02
2024-02-01,800002,2-3030500,寒铁项链,26682,67035.59000000001
2024-02-01,800002,2-8011000,瑟银武器,1757,347851.69
2024-02-01,800002,2-30401,见习者布靴,133410,23787.77999999996
2024-02-01,800002,2-10302,忍耐护腕,121886,63742.499999999985
2024-02-01,800002,2-3040902,秘银长靴,91,21134.730000000003
2024-02-01,800002,2-3030602,白银项链,2890,12749.790000000003
2024-02-01,800002,2-1040603,白银战靴,2816,11592.149999999996
2024-02-01,800002,2-2040400,灵动皮靴,55687,94887.65
2024-02-01,800002,2-2030605,白银指环,2820,11654.550000000001
2024-02-01,800002,2-3030604,白银项链,2980,13549.630000000003
2024-02-01,800002,2-3020704,黄金长袍,920,7077.780000000001
2024-02-01,800002,5-606,生命徽章,705,157304.19
2024-02-01,800002,2-1020901,秘银铠甲,129,45839.149999999994
2024-02-01,800002,2-1040605,白银战靴,2917,12426.87
2024-02-01,800002,2-1020501,寒铁铠甲,6626,16465.97
2024-02-01,800002,2-3020703,黄金长袍,944,7013.030000000001
2024-02-01,800002,2-2030805,白金指环,161,2669.6700000000005
2024-02-01,800002,2-2030904,秘银指环,121,39827.350000000006
2024-02-01,800002,2-1030605,白银护腕,2929,13040.469999999998
2024-02-01,800002,2-3020806,白金长袍,138,1228.4500000000003
2024-02-01,800002,2-3020805,白金长袍,164,1870.0800000000002
2024-02-01,800002,3-4410,竹中半兵卫碎片,216700,180646.63000000006
2024-02-01,800002,2-3040800,白金长靴,624,9638.82
2024-02-01,800002,2-1030506,寒铁护腕,6663,17434.25
2024-02-01,800002,2-1030406,金刚护腕,13924,23339.850000000002
2024-02-01,800002,2-1020905,秘银铠甲,140,47764.08999999998
2024-02-01,800002,3-4411,堂吉诃德碎片,178400,141459.76
2024-02-01,800002,2-2040406,灵动皮靴,13865,23361.949999999997
2024-02-01,800002,2-2010702,黄金匕首,935,6032.130000000001
2024-02-01,800002,2-1030600,白银护腕,11673,47885.659999999996
2024-02-01,800002,3-15312,齐格飞碎片,554833,5688615.600000002
2024-02-01,800002,2-2010603,白银匕首,2933,12076.280000000002
2024-02-01,800002,2-1030904,秘银护腕,143,55220.08
2024-02-01,800002,3-14109,卑弥呼天命碎片,153185,229583.90999999992
2024-02-01,800002,2-10202,忍耐铠甲,122591,64865.70000000001
2024-02-01,800002,2-1030603,白银护腕,2928,12264.14
2024-02-01,800002,2-1030604,白银护腕,2902,12694.799999999997
2024-02-01,800002,2-2030503,寒铁指环,6537,16299.460000000001
2024-02-01,800002,3-4204,哥伦布碎片,176500,139232.25000000006
2024-02-01,800002,2-1030601,白银护腕,2989,13004.56
2024-02-01,800002,3-3401,长宗我部元亲碎片,3777700,648571.06
2024-02-01,800002,2-3010403,精力法杖,13794,23342.300000000007
2024-02-01,800002,2-3020500,寒铁长袍,26522,67910.70999999999
2024-02-01,800002,2-2040806,白金皮靴,179,2281.74
2024-02-01,800002,5-204,勇气徽章,959927,2189654.399999999
2024-02-01,800002,2-1040600,白银战靴,11516,48384.21
2024-02-01,800002,5-407,狂气徽章,10779,62166.72
2024-02-01,800002,2-3010703,黄金法杖,903,6579.94
2024-02-01,800002,2-3010603,白银法杖,2883,12097.820000000002
2024-02-01,800002,2-2030401,灵动指环,14110,24063.039999999997
2024-02-01,800002,2-2040503,寒铁长靴,6710,17397.26
2024-02-01,800002,2-3010802,白金法杖,149,1943.5499999999997
2024-02-01,800002,3-2302,亚西比德碎片,9646800,160905.59999999998
2024-02-01,800002,3-14202,海伦天命碎片,169513,270995.5
2024-02-01,800002,2-3020503,寒铁长袍,6597,16847.99
2024-02-01,800002,2-1030804,白金护腕,153,1956.3200000000004
2024-02-01,800002,2-1020700,黄金铠甲,3635,25008.77
2024-02-01,800002,2-3010905,秘银法杖,135,42901.15
2024-02-01,800002,2-1040405,金刚皮靴,14009,22892.32
2024-02-01,800002,2-1040900,秘银战靴,291,40245.22000000001
2024-02-01,800002,2-1040700,黄金战靴,3642,22824.69
2024-02-01,800002,2-9021000,振金衣服,426,119681.78000000001
2024-02-01,800002,2-2010904,秘银匕首,121,41803.65
2024-02-01,800002,2-2010902,秘银匕首,123,33016.469999999994
2024-02-01,800002,2-2020905,秘银外套,97,20542.719999999998
2024-02-01,800002,2-9031000,振金饰品,419,120067.8
2024-02-01,800002,2-3010600,白银法杖,11623,49937.71
2024-02-01,800002,5-609,集中徽章,571,127075.99999999999
2024-02-01,800002,2-2020402,灵动外套,14161,24115.76
2024-02-01,800002,2-1010801,白金战锤,168,2602.2799999999997
2024-02-01,800002,3-4201,柳生十兵卫碎片,151600,128067.73000000001
2024-02-01,800002,3-15404,查理曼碎片,14669,16071.269999999997
2024-02-01,800002,3-15208,伊西丝碎片,10265,18316.939999999995
2024-02-01,800002,2-1030905,秘银护腕,111,40751.73
2024-02-01,800002,2-3020601,白银长袍,2958,12128.400000000001
2024-02-01,800002,2-1040902,秘银战靴,144,50074.979999999996
2024-02-01,800002,2-2030900,秘银指环,264,44876.32
2024-02-01,800002,2-1010706,黄金战锤,899,5400.349999999999
2024-02-01,800002,5-406,生命徽章,11299,69163.52999999998
2024-02-01,800002,2-3020506,寒铁长袍,6730,16509.07
2024-02-01,800002,2-1020504,寒铁铠甲,6616,17192.860000000004
2024-02-01,800002,3-3403,猿飞佐助碎片,3761400,643154.0199999998
2024-02-01,800002,2-2010500,寒铁匕首,26414,65625.64999999998
2024-02-01,800002,2-3030701,黄金项链,907,5491.11
2024-02-01,800002,2-2020406,灵动外套,13988,23496.1
2024-02-01,800002,2-9041000,振金鞋子,401,120378.19
2024-02-01,800002,2-3040603,白银长靴,2966,13358.84
2024-02-01,800002,2-2040404,灵动皮靴,13730,22933.329999999998
2024-02-01,800002,3-4402,宫本武藏碎片,165800,128790.75
2024-02-01,800002,2-2040700,黄金皮靴,3666,26221.019999999993
2024-02-01,800002,2-1040805,白金战靴,158,2439.4699999999993
2024-02-01,800002,2-2010501,寒铁匕首,6736,16894.2
2024-02-01,800002,3-4212,宁宁碎片,164400,118134.34999999998
2024-02-01,800002,2-30102,元素法杖,122324,64230.729999999996
2024-02-01,800002,3-4309,本多忠胜碎片,201200,173325.88999999996
2024-02-01,800002,2-2010703,黄金匕首,859,5105.3099999999995
2024-02-01,800002,3-4308,兰斯洛特碎片,153900,98682.23000000001
2024-02-01,800002,2-20201,初心者外套,132109,23186.909999999967
2024-02-01,800002,5-505,刚体徽章,1955,20346.899999999998
2024-02-01,800002,2-1020705,黄金铠甲,921,7114.700000000002
2024-02-01,800002,2-1030505,寒铁护腕,6657,16895.609999999997
2024-02-01,800002,2-1010400,金刚战锤,55521,93988.50999999998
2024-02-01,800002,3-14214,[泳装]伊织萌天命碎片,22315,30720.989999999998
2024-02-01,800002,2-3010701,黄金法杖,914,6452.690000000001
2024-02-01,800002,2-1020404,金刚铠甲,13871,23401.92
2024-02-01,800002,2-1030503,寒铁护腕,6704,17716.859999999997
2024-02-01,800002,2-2010804,白金匕首,159,1604.93
2024-02-01,800002,2-1040705,黄金战靴,902,5041.38
2024-02-01,800002,2-3040804,白金长靴,155,2373.25
2024-02-01,800002,2-1040406,金刚皮靴,13937,23029.51
2024-02-01,800002,3-14111,孟德尔天命碎片,2815,11531.609999999999
2024-02-01,800002,3-14211,望月千代女天命碎片,14111,20841.25
2024-02-01,800002,2-2030705,黄金指环,900,6564.47
2024-02-01,800002,2-1040604,白银战靴,2927,11820.560000000001
2024-02-01,800002,2-3040801,白金长靴,144,1503.38
2024-02-01,800002,2-2010502,寒铁匕首,6574,17148.7
2024-02-01,800002,3-4307,米开朗基罗碎片,199100,157283.0
2024-02-01,800002,2-2040500,寒铁长靴,26418,66877.93
2024-02-01,800002,5-410,灵动徽章,10775,64617.54999999999
2024-02-01,800002,3-4207,阿尔忒弥斯碎片,187900,151889.88999999998
2024-02-01,800002,2-2010806,白金匕首,153,1989.7500000000007
2024-02-01,800002,2-3010702,黄金法杖,878,6403.74
2024-02-01,800002,5-605,刚体徽章,593,128762.51000000002
2024-02-01,800002,2-2020802,白金外套,165,2189.5
2024-02-01,800002,2-2020601,白银外套,2957,12160.720000000001
2024-02-01,800002,2-3010800,白金法杖,604,7935.2300000000005
2024-02-01,800002,2-2030602,白银指环,2824,12511.539999999999
2024-02-01,800002,3-15406,孔明碎片,392198,960718.0299999996
2024-02-01,800002,2-3010803,白金法杖,164,2287.4700000000003
2024-02-01,800002,2-3020505,寒铁长袍,6666,17655.23
2024-02-01,800002,2-2020904,秘银外套,114,39764.659999999996
2024-02-01,800002,3-4304,出云阿国碎片,164800,187273.40999999997
2024-02-01,800002,2-2010906,秘银匕首,95,23119.949999999997
2024-02-01,800002,2-3040501,寒铁布靴,6602,16656.399999999998
2024-02-01,800002,2-3030804,白金项链,169,1701.4699999999998
2024-02-01,800002,3-2401,托勒密碎片,9595300,164403.31999999995
2024-02-01,800002,2-1040901,秘银战靴,138,68943.28
2024-02-01,800002,5-404,勇气徽章,11379,72475.57
2024-02-01,800002,3-15206,上杉谦信碎片,32699,86946.00000000001
2024-02-01,800002,3-15401,enako碎片,5450,9326.25
2024-02-01,800002,2-1010702,黄金战锤,902,6094.44
2024-02-01,800002,3-4503,索尔碎片,93400,121835.64000000001
2024-02-01,800002,2-1010905,秘银战锤,210,61481.87
2024-02-01,800002,3-15307,服部半藏碎片,12638,25199.000000000007
2024-02-01,800002,3-15107,美杜莎碎片,15223,21593.500000000007
2024-02-01,800002,2-1010705,黄金战锤,961,6719.679999999999
2024-02-01,800002,3-4210,达尔文碎片,167600,113242.5
2024-02-01,800002,2-1040800,白金战靴,575,7628.769999999999
2024-02-01,800002,2-20101,初心者匕首,132502,23589.399999999965
2024-02-01,800002,2-2010704,黄金匕首,923,6796.159999999999
2024-02-01,800002,2-3030400,精力项链,55835,91748.86999999998
2024-02-01,800002,2-1030705,黄金护腕,904,5794.81
2024-02-01,800002,5-305,刚体徽章,131274,502499.35
2024-02-01,800002,2-3010404,精力法杖,13968,23306.24
2024-02-01,800002,2-1020805,白金铠甲,149,1366.0600000000002
2024-02-01,800002,2-3030703,黄金项链,886,6175.189999999999
2024-02-01,800002,2-2040605,白银皮靴,2950,12280.299999999997
2024-02-01,800002,2-3020902,秘银长袍,104,27116.079999999998
2024-02-01,800002,2-1010802,白金战锤,144,2326.14
2024-02-01,800002,3-4501,狮心王理查碎片,110400,129901.62
2024-02-01,800002,2-2040702,黄金皮靴,871,6763.85
2024-02-01,800002,2-3040903,秘银长靴,120,27926.990000000005
2024-02-01,800002,3-4407,武藏坊弁庆碎片,165000,114092.22
2024-02-01,800002,2-3020701,黄金长袍,962,6407.1
2024-02-01,800002,2-1040806,白金战靴,157,1523.08
2024-02-01,800002,2-3020905,秘银长袍,100,25581.62
2024-02-01,800002,3-15305,武田信玄碎片,15517,35737.40000000001
2024-02-01,800002,2-1010900,秘银战锤,258,55400.33000000001
2024-02-01,800002,3-1550201,所罗门元素体碎片,400,198.07999999999998
2024-02-01,800002,2-3020904,秘银长袍,115,35766.39000000001
2024-02-01,800002,2-2030402,灵动指环,13901,24854.68
2024-02-01,800002,2-3030705,黄金项链,869,6700.07
2024-02-01,800002,2-2030403,灵动指环,13946,23262.699999999997
2024-02-01,800002,2-2030905,秘银指环,84,20949.57
2024-02-01,800002,2-2020401,灵动外套,13925,23308.200000000004
2024-02-01,800002,2-2020901,秘银外套,117,30582.19
2024-02-01,800002,3-3402,安徒生碎片,3746500,637602.93
2024-02-01,800002,2-2020903,秘银外套,128,41116.330000000016
2024-02-01,800002,2-3020405,精力长袍,13904,23304.03
2024-02-01,800002,2-2040904,秘银皮靴,122,34364.23
2024-02-01,800002,3-4408,屋大维碎片,234600,486947.7899999999
2024-02-01,800002,2-3030706,黄金项链,889,5123.01
2024-02-01,800002,2-3040506,寒铁布靴,6676,16288.71
2024-02-01,800002,2-3030904,秘银项链,99,21888.850000000002
2024-02-01,800002,3-15102,海格力斯碎片,163825,252888.66
2024-02-01,800002,2-2020501,寒铁外套,6668,17582.839999999997
2024-02-01,800002,2-3010804,白金法杖,158,2015.68
2024-02-01,800002,2-3030403,精力项链,13914,24125.46
2024-02-01,800002,2-2030800,白金指环,619,7499.300000000001
2024-02-01,800002,2-2010901,秘银匕首,119,51103.47
2024-02-01,800002,2-2040800,白金皮靴,633,10280.43
2024-02-01,800002,3-9998,四元素万能碎片,1900,1325.75
2024-02-01,800002,2-3010700,黄金法杖,3551,23161.59
2024-02-01,800002,3-14504,瑞吉蕾芙天命碎片,82,57.129999999999995
2024-02-01,800002,2-3040706,黄金长靴,915,8145.77
2024-02-01,800002,3-4312,荆轲碎片,225400,188038.1
2024-02-01,800002,2-3020603,白银长袍,2929,12488.27
2024-02-01,800002,3-3201,马可波罗碎片,3777900,640785.0099999998
2024-02-01,800002,3-15105,伊织萌天命碎片,26389,32422.089999999997
2024-02-01,800002,3-14206,罗慕路斯天命碎片,2914,5722.99
2024-02-01,800002,2-1010903,秘银战锤,224,94418.62999999998
2024-02-01,800002,2-1040404,金刚皮靴,13922,23450.83
2024-02-01,800002,2-1030702,黄金护腕,877,6205.9800000000005
2024-02-01,800002,2-3020406,精力长袍,13800,23082.210000000006
2024-02-01,800002,2-2020602,白银外套,2971,13337.06
2024-02-01,800002,3-15202,丹羽长秀碎片,191217,305983.1699999999
2024-02-01,800002,2-1040400,金刚皮靴,55926,95027.43999999999
2024-02-01,800002,3-15203,柴田胜家碎片,117281,211535.78999999983
2024-02-01,800002,3-15407,凯撒碎片,149419,743163.1
2024-02-01,800002,3-15311,今川义元碎片,219933,1417119.7599999998
2024-02-01,800002,2-3010704,黄金法杖,914,6467.57
2024-02-01,800002,2-1010406,金刚战锤,13997,23113.040000000005
2024-02-01,800002,2-3040403,精力布靴,13785,23137.460000000006
2024-02-01,800002,2-3040405,精力布靴,13849,23931.600000000002
2024-02-01,800002,2-20103,理性匕首,151945,155878.59999999998
2024-02-01,800002,2-1040401,金刚皮靴,13934,22727.89
2024-02-01,800002,2-1040702,黄金战靴,875,6238.55
2024-02-01,800002,2-2040405,灵动皮靴,14076,24999.540000000005
2024-02-01,800002,2-2040703,黄金皮靴,930,6921.55
2024-02-01,800002,2-2010604,白银匕首,2876,11784.400000000001
2024-02-01,800002,2-2020703,黄金外套,899,5930.310000000001
2024-02-01,800002,2-3020706,黄金长袍,859,6415.0999999999985
2024-02-01,800002,3-15402,贝多芬碎片,39635,49102.1
2024-02-01,800002,3-4109,卑弥呼碎片,180800,123131.24
2024-02-01,800002,2-3040802,白金长靴,171,1926.2899999999997
2024-02-01,800002,2-1030703,黄金护腕,871,6217.41
2024-02-01,800002,2-3030803,白金项链,155,2464.5000000000005
2024-02-01,800002,2-8031000,瑟银饰品,1540,274722.06
2024-02-01,800002,3-15301,卡门碎片,23273,30833.03
2024-02-01,800002,2-2020504,寒铁外套,6749,17507.21
2024-02-01,800002,2-30402,元素布靴,122817,64601.17
2024-02-01,800002,3-15409,薛定谔碎片,31677,128123.58999999978
2024-02-01,800002,2-2040804,白金皮靴,181,2868.629999999999
2024-02-01,800002,2-30403,思惑布靴,150885,154078.53999999992
2024-02-01,800002,2-2020506,寒铁外套,6623,17291.609999999997
2024-02-01,800002,2-2010401,灵动匕首,13808,22702.949999999997
2024-02-01,800002,3-4301,源义经碎片,158000,111708.09999999999
2024-02-01,800002,3-1450201,大小乔元素体碎片,104100,1580566.1100000006
2024-02-01,800002,2-2020706,黄金外套,920,6424.589999999999
2024-02-01,800002,2-3010601,白银法杖,2871,12801.210000000003
2024-02-01,800002,2-1020606,白银铠甲,2910,12463.439999999999
2024-02-01,800002,2-3030603,白银项链,2982,12656.380000000001
2024-02-01,800002,5-206,生命徽章,961047,2202434.0300000007
2024-02-01,800002,2-1040501,寒铁皮靴,6617,16954.03
2024-02-01,800002,2-1010606,白银战斧,2926,12143.569999999996
2024-02-01,800002,3-15310,麦哲伦碎片,98063,1220081.55
2024-02-01,800002,2-3020600,白银长袍,11737,51344.409999999996
2024-02-01,800002,2-2030906,秘银指环,109,32487.66
2024-02-01,800002,2-1030402,金刚护腕,13856,23725.72000000001
2024-02-01,800002,3-2201,长宗我部盛亲碎片,9627200,166798.79000000004
2024-02-01,800002,2-3040901,秘银长靴,93,18907.09
2024-02-01,800002,3-2102,陈宫碎片,9585500,156870.89
2024-02-01,800002,2-3030700,黄金项链,3764,26450.89
2024-02-01,800002,2-10203,力量铠甲,151164,154272.71000000005
2024-02-01,800002,2-3030505,寒铁项链,6625,17659.440000000002
2024-02-01,800002,3-4206,罗慕路斯碎片,179700,124455.31
2024-02-01,800002,2-2010606,白银匕首,2979,12818.7
2024-02-01,800002,2-10301,新兵护腕,133248,23487.559999999954
2024-02-01,800002,2-1030403,金刚护腕,14093,23183.97
2024-02-01,800002,2-30303,思惑项链,151222,153203.61999999997
2024-02-01,800002,3-14108,阿瑞斯天命碎片,183014,314541.27000000014
2024-02-01,800002,2-2010506,寒铁匕首,6573,16948.8
2024-02-01,800002,3-15101,克利奥帕特拉碎片,19235,31277.199999999993
2024-02-01,800002,2-3040502,寒铁布靴,6564,17068.739999999998
2024-02-01,800002,2-10201,新兵铠甲,133372,23504.38999999996
2024-02-01,800002,2-2040403,灵动皮靴,14043,24159.79
2024-02-01,800002,2-10402,忍耐皮靴,122474,64006.440000000024
2024-02-01,800002,2-2020503,寒铁外套,6617,16677.32
2024-02-01,800002,2-1030404,金刚护腕,13976,23949.76
2024-02-01,800002,2-1020506,寒铁铠甲,6591,16606.520000000004
2024-02-01,800002,2-2040606,白银皮靴,2951,13659.16
2024-02-01,800002,2-1020601,白银铠甲,2946,12152.98
2024-02-01,800002,2-3040500,寒铁布靴,26271,64266.59
2024-02-01,800002,3-4209,甄姬碎片,197500,151993.03000000003
2024-02-01,800002,2-2020604,白银外套,2942,13239.619999999997
2024-02-01,800002,2-3020401,精力长袍,14134,24486.429999999997
2024-02-01,800002,2-2020403,灵动外套,14026,23978.499999999996
2024-02-01,800002,2-3010406,精力法杖,13794,22366.639999999996
2024-02-01,800002,3-4401,莎士比亚碎片,178400,145310.72000000003
2024-02-01,800002,2-3020604,白银长袍,2878,12310.259999999998
2024-02-01,800002,2-1040505,寒铁皮靴,6649,17652.02
2024-02-01,800002,2-2030502,寒铁指环,6598,16684.889999999996
2024-02-01,800002,2-2030606,白银指环,2891,12395.140000000001
2024-02-01,800002,3-15501,亚瑟碎片,110100,270867.39999999997
2024-02-01,800002,2-1010502,寒铁战斧,6575,17151.16
2024-02-01,800002,2-3030504,寒铁项链,6579,17007.739999999998
2024-02-01,800002,2-2020606,白银外套,2888,12895.839999999997
2024-02-01,800002,2-3040905,秘银长靴,97,20234.580000000005
2024-02-01,800002,3-15303,周瑜碎片,14067,18542.149999999998
2024-02-01,800002,2-1040703,黄金战靴,907,5503.179999999999
2024-02-01,800002,2-2020804,白金外套,151,2358.8899999999994
2024-02-01,800002,2-3040703,黄金长靴,887,5681.120000000001
2024-02-01,800002,2-3040704,黄金长靴,902,6840.629999999999
2024-02-01,800002,2-3020802,白金长袍,136,1377.48
2024-02-01,800002,2-1030704,黄金护腕,937,6005.659999999999
2024-02-01,800002,2-2040801,白金皮靴,155,1471.97
2024-02-01,800002,2-2020800,白金外套,617,8012.49
2024-02-01,800002,2-1030900,秘银护腕,261,53532.17999999999
2024-02-01,800002,2-1020806,白金铠甲,151,1846.3699999999997
2024-02-01,800002,2-1040803,白金战靴,140,1835.37
2024-02-01,800002,2-1010902,秘银战锤,209,85450.11
2024-02-01,800002,2-2020902,秘银外套,130,51518.63
2024-02-01,800002,2-3030903,秘银项链,93,20330.599999999995
2024-02-01,800002,2-1010806,白金战锤,140,1964.7599999999995
2024-02-01,800002,3-15204,柏拉图碎片,5215,5449.089999999999
2024-02-01,800002,3-15106,赛特碎片,3562,11320.669999999998
2024-02-01,800002,3-2202,修普诺斯碎片,9634300,163208.17999999993
2024-02-01,800002,2-3020901,秘银长袍,110,23494.519999999993
2024-02-01,800002,5-205,刚体徽章,958598,2197070.89
2024-02-01,800002,2-3030806,白金项链,168,1965.8600000000004
2024-02-01,800002,2-1010501,寒铁战斧,6626,16404.540000000005
2024-02-01,800002,2-2020801,白金外套,149,1700.8400000000001
2024-02-01,800002,2-2030702,黄金指环,951,5682.71
2024-02-01,800002,3-1460101,司马懿元素体碎片,122900,1907702.7700000003
2024-02-01,800002,2-2020805,白金外套,146,1985.5700000000002
2024-02-01,800002,3-14603,洛基天命碎片,20,135.04
2024-02-01,800002,2-3020700,黄金长袍,3691,25770.009999999995
2024-02-01,800002,3-2301,阿格里帕碎片,9591400,161227.71
2024-02-01,800002,2-2040603,白银皮靴,2883,12294.93
2024-02-01,800002,3-4111,孟德尔碎片,152800,124779.27000000002
2024-02-01,800002,2-10403,力量皮靴,151461,152708.16999999998
2024-02-01,800002,3-3303,风魔小太郎碎片,3766100,642683.3200000002
2024-02-01,800002,2-30201,见习者长袍,132361,23316.88999999996
2024-02-01,800002,2-3010504,寒铁法杖,6549,17240.63
2024-02-01,800002,2-2030500,寒铁指环,26546,66290.98
2024-02-01,800002,2-1020701,黄金铠甲,944,7388.529999999999
2024-02-01,800002,2-2030600,白银指环,11664,49383.29
2024-02-01,800002,2-2010600,白银匕首,11606,49810.78999999999
2024-02-01,800002,2-2020603,白银外套,2904,11679.999999999998
2024-02-01,800002,2-1020405,金刚铠甲,13983,24380.64
2024-02-01,800002,2-1020903,秘银铠甲,158,71113.68000000001
2024-02-01,800002,3-4211,望月千代女碎片,216000,160216.44999999998
2024-02-01,800002,3-15308,张飞碎片,90913,257024.6599999999
2024-02-01,800002,2-2010605,白银匕首,2838,11760.11
2024-02-01,800002,2-1040502,寒铁皮靴,6542,16789.989999999998
2024-02-01,800002,2-1030606,白银护腕,2891,12135.4
2024-02-01,800002,3-4305,织田信长碎片,186500,148596.82
2024-02-01,800002,2-2030601,白银指环,2925,12786.310000000003
2024-02-01,800002,2-3040401,精力布靴,13774,23556.740000000005
2024-02-01,800002,2-2010403,灵动匕首,13911,23400.769999999997
2024-02-01,800002,2-2030902,秘银指环,95,31106.120000000003
2024-02-01,800002,2-2030604,白银指环,2930,12876.829999999998
2024-02-01,800002,2-3040805,白金长靴,141,1455.97
2024-02-01,800002,3-4302,梅林碎片,142500,114790.92
2024-02-01,800002,2-3030905,秘银项链,107,18448.500000000004
2024-02-01,800002,2-1020900,秘银铠甲,229,49242.35
2024-02-01,800002,3-15502,所罗门碎片,43500,134421.0599999999
2024-02-01,800002,3-4602,但丁碎片,109500,144785.24000000002
2024-02-01,800002,2-1040905,秘银战靴,106,39559.0
2024-02-01,800002,2-3040705,黄金长靴,880,5768.05
2024-02-01,800002,2-3030902,秘银项链,103,32324.249999999996
2024-02-01,800002,3-400,SSR随机碎片,2465400,833682.9200000002
2024-02-01,800002,3-4311,哥白尼碎片,169800,138602.19999999998
2024-02-01,800002,3-4404,华佗碎片,222300,239595.83000000002
2024-02-01,800002,3-15601,吕布碎片,44500,117300.87000000002
2024-02-01,800002,2-1020406,金刚铠甲,14005,24464.21
2024-02-01,800002,2-2020900,秘银外套,242,48921.55000000002
2024-02-01,800002,2-2040701,黄金皮靴,935,6277.86
2024-02-01,800002,2-2010805,白金匕首,147,1634.6499999999996
2024-02-01,800002,2-3030401,精力项链,14095,24000.810000000005
2024-02-01,800002,3-14507,[圣诞]伊织萌天命碎片,82097,930793.07
2024-02-01,800002,2-3040702,黄金长靴,911,5683.65
2024-02-01,800002,3-14503,索尔天命碎片,2743,17670.04
2024-02-01,800002,2-1030701,黄金护腕,900,6886.660000000001
2024-02-01,800002,3-14607,德古拉天命碎片,10313,42787.61
2024-02-01,800002,5-607,狂气徽章,738,143233.33999999997
2024-02-01,800002,3-3103,帕里斯碎片,3775500,618349.3599999999
2024-02-01,800002,2-1030800,白金护腕,623,7010.349999999999
2024-02-01,800002,3-4403,莫扎特碎片,184300,141975.77999999994
2024-02-01,800002,5-608,不屈徽章,572,113363.88999999998
2024-02-01,800002,3-14103,德川家康天命碎片,179894,314399.23
2024-02-01,800002,2-1030802,白金护腕,164,1906.5499999999997
2024-02-01,800002,5-604,勇气徽章,1285,273565.88
2024-02-01,800002,2-1010906,秘银战锤,142,51418.57
2024-02-01,800002,2-2010602,白银匕首,2909,12250.04
2024-02-01,800002,2-1040904,秘银战靴,124,43628.119999999995
2024-02-01,800002,2-20401,初心者皮靴,133010,23492.39999999996
2024-02-01,800002,3-14411,堂吉诃德天命碎片,7903,10922.32
2024-02-01,800002,2-1010500,寒铁战斧,26595,66823.04999999999
2024-02-01,800002,2-3030906,秘银项链,106,18633.939999999995
2024-02-01,800002,2-1030501,寒铁护腕,6593,16603.16
2024-02-01,800002,3-4205,明智光秀碎片,144600,129120.26000000001
2024-02-01,800002,3-15205,美狄亚碎片,104098,218564.6299999999
2024-02-01,800002,3-101,红色品质装备随机碎片,145136,473243.28999999986
2024-02-01,800002,2-2030504,寒铁指环,6527,16361.24
2024-02-01,800002,2-2040502,寒铁长靴,6741,17405.43
2024-02-01,800002,2-1030405,金刚护腕,13911,23399.8
2024-02-01,800002,2-2010400,灵动匕首,56236,93668.61999999997
2024-02-01,800002,3-4405,黄忠碎片,210900,178407.74
2024-02-01,800002,2-3030501,寒铁项链,6647,17183.05
2024-02-01,800002,2-1010603,白银战斧,2967,12300.73
2024-02-01,800002,2-1010700,黄金战锤,3578,24097.03
2024-02-01,800002,2-8041000,瑟银鞋子,1510,274937.80000000005
2024-02-01,800002,2-2010405,灵动匕首,13977,23985.820000000007
2024-02-01,800002,5-603,疾风徽章,1235,174731.98000000004
2024-02-01,800002,2-3010405,精力法杖,14127,24769.420000000006
2024-02-01,800002,2-3030805,白金项链,143,2135.78
2024-02-01,800002,2-2030405,灵动指环,14136,23782.989999999998
2024-02-01,800002,2-3020906,秘银长袍,104,31989.61
2024-02-01,800002,2-3030605,白银项链,2934,13328.949999999999
2024-02-01,800002,2-1030805,白金护腕,153,1859.9099999999996
2024-02-01,800002,2-2040803,白金皮靴,164,2402.11
2024-02-01,800002,3-15209,阿佛洛狄忒碎片,12822,20625.37
2024-02-01,800002,2-2040706,黄金皮靴,914,6876.41
2024-02-01,800002,3-15104,尼禄碎片,37616,208903.09999999995
2024-02-01,800002,3-4208,摩根娜碎片,151000,100000.02000000002
2024-02-01,800002,3-1450101,理查元素体碎片,13500,32791.33
2024-02-01,800002,3-4101,赵云碎片,225200,163222.09
2024-02-01,800002,2-3020404,精力长袍,13784,23280.809999999998
2024-02-01,800002,2-2010505,寒铁匕首,6552,16353.59
2024-02-01,800002,3-15408,最上义光碎片,153709,303016.19
2024-02-01,800002,3-14307,米开朗基罗天命碎片,9987,18434.45
2024-02-01,800002,5-409,集中徽章,10741,66982.78
2024-02-01,800002,2-2010706,黄金匕首,918,6240.49
2024-02-01,800002,2-2020405,灵动外套,14253,23913.620000000003
2024-02-01,800002,2-2040704,黄金皮靴,908,6620.090000000002
2024-02-01,800002,2-3020402,精力长袍,13837,23937.820000000007
2024-02-01,800002,2-3010901,秘银法杖,124,37920.72000000001
2024-02-01,800002,2-2040402,灵动皮靴,13966,24568.359999999993
2024-02-01,800002,2-3020702,黄金长袍,851,5785.169999999999
2024-02-01,800002,2-1020402,金刚铠甲,13875,24417.359999999997
2024-02-01,800002,2-3010903,秘银法杖,120,25768.480000000003
2024-02-01,800002,2-1040504,寒铁皮靴,6627,17181.31
2024-02-01,800002,2-2030803,白金指环,200,2596.3199999999997
2024-02-01,800002,2-3010604,白银法杖,2883,11610.230000000001
2024-02-01,800002,2-1030803,白金护腕,147,1889.92
2024-02-01,800002,3-14410,竹中半兵卫天命碎片,8835,14915.86
2024-02-01,800002,3-4507,[圣诞]伊织萌碎片,123700,1604667.5400000003
2024-02-01,800002,2-3030601,白银项链,2982,13084.140000000001
2024-02-01,800002,3-2101,洛必达碎片,9581500,158471.72999999998
2024-02-01,800002,2-3020800,白金长袍,600,7383.870000000001
2024-02-01,800002,2-1030400,金刚护腕,55641,95392.6
2024-02-01,800002,2-1010805,白金战锤,163,2747.81
2024-02-01,800002,2-3010602,白银法杖,2849,13385.139999999996
2024-02-01,800002,2-3040906,秘银长靴,110,23745.13
2024-02-01,800002,2-3030406,精力项链,13888,24372.63
2024-02-01,800002,3-15403,足利义辉碎片,88779,329870.44999999984
2024-02-01,800002,2-1030401,金刚护腕,13879,23367.43
2024-02-01,800002,3-3301,孙尚香碎片,3721600,618882.2799999998
2024-02-01,800002,2-1010505,寒铁战斧,6617,17448.390000000003
2024-02-01,800002,2-3010500,寒铁法杖,26545,67303.87000000001
2024-02-01,800002,2-1010704,黄金战锤,920,5578.62
2024-02-01,800002,2-3020400,精力长袍,56069,95827.07000000004
2024-02-01,800002,2-1010504,寒铁战斧,6596,16951.06
2024-02-01,800002,2-2020505,寒铁外套,6699,17125.88
2024-02-01,800002,2-1030706,黄金护腕,914,6419.179999999999
2024-02-01,800002,2-3040505,寒铁布靴,6584,16977.16
2024-02-01,800002,3-15201,妲己碎片,15840,28431.200000000004
2024-02-01,800002,3-14110,汉尼拔天命碎片,17861,31568.789999999997
2024-02-01,800002,5-408,不屈徽章,10802,67059.33999999998
2024-02-01,800002,2-2010406,灵动匕首,13640,22272.289999999994
2024-02-01,800002,3-14408,屋大维天命碎片,89809,212329.57000000004
2024-02-01,800002,2-1010600,白银战斧,11746,50821.15
2024-02-01,800002,2-1040601,白银战靴,2873,12811.540000000003
2024-02-01,800002,2-3010705,黄金法杖,847,4954.650000000001
2024-02-01,800002,2-1010605,白银战斧,2867,13020.4
2024-02-01,800002,2-2040401,灵动皮靴,13962,24296.86
2024-02-01,800002,2-9011000,振金武器,529,161749.18999999997
2024-02-01,800002,2-2030700,黄金指环,3709,25832.930000000004
2024-02-01,800002,2-2020704,黄金外套,868,6050.200000000001
2024-02-01,800002,2-2030701,黄金指环,872,6127.97
2024-02-01,800002,2-1010701,黄金战锤,900,5425.4800000000005
2024-02-01,800002,2-3020705,黄金长袍,906,5591.970000000001
2024-02-01,800002,2-3040904,秘银长靴,100,29849.610000000008
2024-02-01,800002,2-1020503,寒铁铠甲,6659,17438.74
2024-02-01,800002,2-3030901,秘银项链,103,30697.69
2024-02-01,800002,2-3030606,白银项链,2868,11764.920000000002
2024-02-01,800002,2-2010705,黄金匕首,894,6262.180000000001
2024-02-01,800002,2-2010504,寒铁匕首,6629,16224.619999999997
2024-02-01,800002,2-1040906,秘银战靴,116,41449.909999999996
2024-02-01,800002,2-1040802,白金战靴,143,1833.83
2024-02-01,800002,2-1030902,秘银护腕,129,59568.26
2024-02-01,800002,3-4106,拉斐尔碎片,190900,160027.58
2024-02-01,800002,2-2040802,白金皮靴,156,2445.0699999999997
2024-02-01,800002,3-14405,黄忠天命碎片,152907,234579.98000000007
2024-02-01,800002,2-2040901,秘银皮靴,110,33965.700000000004
2024-02-01,800002,2-3020605,白银长袍,2868,12875.1
2024-02-01,800002,2-1020704,黄金铠甲,906,5903.799999999998
2024-02-01,800002,2-3020903,秘银长袍,111,20696.309999999998
2024-02-01,800002,2-3010900,秘银法杖,266,42735.06
2024-02-01,800002,2-1040706,黄金战靴,845,6366.989999999999
2024-02-01,800002,3-4108,阿瑞斯碎片,150300,137784.73000000004
2024-02-01,800002,2-1010800,白金战锤,623,7766.81
2024-02-01,800002,2-1010904,秘银战锤,205,64603.85
2024-02-01,800002,2-1010901,秘银战锤,203,113249.86000000002
2024-02-01,800002,2-1010703,黄金战锤,927,6716.27
2024-02-01,800002,2-1020906,秘银铠甲,110,37819.56
2024-02-01,800002,2-3030704,黄金项链,920,6925.479999999999
2024-02-01,800002,2-2030901,秘银指环,123,37939.520000000004
2024-02-01,800002,2-2020906,秘银外套,105,34074.950000000004
2024-02-01,800002,3-1450701,[圣诞]伊织萌元素体碎片,112900,1632242.7799999993
2024-02-01,800002,3-14501,理查天命碎片,86540,234705.93
2024-02-01,800002,3-300,SR随机碎片,7029595,189601.18999999997
2024-02-01,800002,2-20403,理性皮靴,151207,153550.25
2024-02-01,800002,3-3102,拉海尔碎片,3741900,623093.7700000001
2024-02-01,800002,2-30103,思惑法杖,150695,151789.91999999995
2024-02-01,800002,3-4103,德川家康碎片,217400,166699.36000000002
2024-02-01,800002,3-4303,拿破仑碎片,191400,148063.75999999998
2024-02-01,800002,3-3203,特蕾莎碎片,3769100,649600.5000000001
2024-02-01,800002,2-10103,力量战锤,152179,154038.06999999998
2024-02-01,800002,2-3030600,白银项链,11664,49399.98999999999
2024-02-01,800002,2-1020403,金刚铠甲,13954,23455.080000000005
2024-02-01,800002,2-3040400,精力布靴,55698,95493.97
2024-02-01,800002,3-15304,普罗米修斯碎片,417181,551564.4000000003
2024-02-01,800002,2-10401,新兵皮靴,132903,23329.729999999967
2024-02-01,800002,2-3030502,寒铁项链,6623,16218.910000000002
2024-02-01,800002,2-30202,元素长袍,122973,64864.93999999997
2024-02-01,800002,2-3040600,白银长靴,11643,49008.080000000016
2024-02-01,800002,2-2040505,寒铁长靴,6703,16613.059999999998
2024-02-01,800002,2-3040701,黄金长靴,907,6173.51
2024-02-01,800002,2-2020404,灵动外套,14020,24050.460000000003
2024-02-01,800002,2-3020606,白银长袍,2914,11768.829999999996
2024-02-01,800002,2-1030500,寒铁护腕,26882,68650.05999999998
2024-02-01,800002,2-3020504,寒铁长袍,6615,16798.63
2024-02-01,800002,2-2010700,黄金匕首,3690,25905.150000000005
2024-02-01,800002,2-1010402,金刚战锤,14095,24046.06
2024-02-01,800002,3-4102,雨果碎片,193100,146904.42000000004
2024-02-01,800002,3-4107,太史慈碎片,188000,143367.29
2024-02-01,800002,2-3040606,白银长靴,2924,13318.35
2024-02-01,800002,2-1030700,黄金护腕,3561,24376.18
2024-02-01,800002,2-2040506,寒铁长靴,6654,17150.149999999998
2024-02-01,800002,2-3040402,精力布靴,13959,24622.649999999994
2024-02-01,800002,2-1040602,白银战靴,2947,13022.470000000003
2024-02-01,800002,3-4202,海伦碎片,222000,196813.99
2024-02-01,800002,5-509,集中徽章,1571,15132.7
2024-02-01,800002,2-3040605,白银长靴,2859,12173.1
2024-02-01,800002,2-2020600,白银外套,11507,49646.22999999999
2024-02-01,800002,3-14409,罗宾汉天命碎片,30465,36409.49
2024-02-01,800002,3-4213,叶卡捷琳娜碎片,192600,163366.71
2024-02-01,800002,2-3030801,白金项链,180,2697.22
2024-02-01,800002,2-2030704,黄金指环,947,6115.299999999999
2024-02-01,800002,2-3030802,白金项链,135,2097.36
2024-02-01,800002,2-2020605,白银外套,2818,11601.820000000002
2024-02-01,800002,2-2010903,秘银匕首,109,39144.96
2024-02-01,800002,3-14213,叶卡捷琳娜天命碎片,22179,29406.34
2024-02-01,800002,2-2010900,秘银匕首,233,46709.71000000001
2024-02-01,800002,2-1020804,白金铠甲,146,2606.1500000000005
2024-02-01,800002,2-1010804,白金战锤,151,2344.81
2024-02-01,800002,2-3020602,白银长袍,2993,13601.49
2024-02-01,800002,3-15306,平清盛碎片,13462,17368.769999999997
2024-02-01,800002,2-1040801,白金战靴,138,2066.79
2024-02-01,800002,2-8021000,瑟银衣服,1599,321858.52
2024-02-01,800002,5-610,灵动徽章,554,103975.13999999998
2024-02-01,800002,2-1040402,金刚皮靴,13867,23184.160000000003
2024-02-01,800002,2-1010803,白金战锤,148,1803.6399999999999
2024-02-01,800002,2-3030405,精力项链,13837,23134.95
2024-02-01,800002,2-3020900,秘银长袍,239,40392.12999999999
2024-02-01,800002,2-3020502,寒铁长袍,6574,16388.41
2024-02-01,800002,2-3010805,白金法杖,163,2234.6000000000004
2024-02-01,800002,2-2010800,白金匕首,598,7680.649999999999
2024-02-01,800002,2-1020904,秘银铠甲,165,63203.409999999996
2024-02-01,800002,2-3010402,精力法杖,13957,23481.19000000001
2024-02-01,800002,2-1040704,黄金战靴,973,6167.3499999999985
2024-02-01,800002,2-1020505,寒铁铠甲,6634,17695.14
2024-02-01,800002,3-1560101,吕布元素体碎片,2400,4475.05
2024-02-01,800002,2-1020605,白银铠甲,2971,12670.609999999999
2024-02-01,800002,2-3020801,白金长袍,180,3223.09
2024-02-01,800002,2-1010403,金刚战锤,14052,24238.050000000007
2024-02-01,800002,2-2040902,秘银皮靴,113,23628.23
2024-02-01,800002,5-504,勇气徽章,1929,21451.61
2024-02-01,800002,2-2040905,秘银皮靴,73,15731.160000000002
2024-02-01,800002,2-2010701,黄金匕首,930,6822.87
2024-02-01,800002,3-14601,司马懿天命碎片,74977,958790.7300000004
2024-02-01,800002,3-4306,瓦特碎片,160500,114133.47000000003
2024-02-01,800002,2-2020502,寒铁外套,6677,16559.870000000003
2024-02-01,800002,2-3040406,精力布靴,13849,23254.989999999998
2024-02-01,800002,2-1020600,白银铠甲,11673,51116.70999999999
2024-02-01,800002,2-2010404,灵动匕首,13849,23744.399999999998
2024-02-01,800002,3-4110,汉尼拔碎片,165900,138752.69000000003
